# Blender 4.5.1 LTS
# www.blender.org
mtllib pannel.mtl
o Cube
v 1.000000 1.000000 -1.000000
v 1.000000 -1.000000 -1.000000
v 1.000000 1.000000 1.000000
v 1.000000 -1.000000 1.000000
v -1.000000 1.000000 -1.000000
v -1.000000 -1.000000 -1.000000
v -1.000000 1.000000 1.000000
v -1.000000 -1.000000 1.000000
vn -0.0000 1.0000 -0.0000
vn -0.0000 -0.0000 1.0000
vn -1.0000 -0.0000 -0.0000
vn -0.0000 -1.0000 -0.0000
vn 1.0000 -0.0000 -0.0000
vn -0.0000 -0.0000 -1.0000
vt 0.625000 0.500000
vt 0.875000 0.500000
vt 0.875000 0.750000
vt 0.625000 0.750000
vt 0.375000 0.750000
vt 0.625000 1.000000
vt 0.375000 1.000000
vt 0.375000 0.000000
vt 0.625000 0.000000
vt 0.625000 0.250000
vt 0.375000 0.250000
vt 0.125000 0.500000
vt 0.375000 0.500000
vt 0.125000 0.750000
s 1
usemtl Material.001
f 1/1/1 5/2/1 7/3/1 3/4/1
f 4/5/2 3/4/2 7/6/2 8/7/2
f 8/8/3 7/9/3 5/10/3 6/11/3
f 6/12/4 2/13/4 4/5/4 8/14/4
f 2/13/5 1/1/5 3/4/5 4/5/5
f 6/11/6 5/10/6 1/1/6 2/13/6
o kleeman-ceiling
v -500.000000 0.000188 500.000000
v -371.371155 0.000140 371.087677
v -374.817566 0.000140 366.944946
v -365.853363 0.000141 375.571686
v -377.951477 0.000134 360.968903
v -359.681671 0.000145 378.430450
v -379.330383 0.000136 356.371368
v -354.861755 0.000145 379.629150
v -380.018982 0.000132 351.239594
v -349.810425 0.000144 380.026642
v -377.478333 0.000128 337.920715
v -340.041718 0.000145 378.319794
v -373.321716 -0.000124 -331.090942
v 330.330597 0.000140 372.675751
v 326.915466 0.000140 369.217010
v -370.292114 -0.000124 -327.877350
v -326.268311 0.000140 368.429413
v 333.984283 0.000141 375.414062
v -375.481262 0.000125 334.085968
v -376.590820 -0.000125 -335.994720
v -366.733551 -0.000124 -325.072052
v -362.099976 0.000120 322.534027
v -323.043060 0.000136 363.236176
v -361.443085 -0.000120 -322.216095
v 321.157684 0.000135 358.346771
v -320.579651 0.000134 356.294098
v -353.226807 0.000120 320.166992
v -350.900299 -0.000120 -319.968903
v -319.977020 0.000129 348.840057
v 319.990204 0.000133 351.902130
v -349.096344 0.000120 319.975311
v 320.355835 0.000130 345.148987
v -320.684875 0.000130 343.509277
v -346.056458 -0.000120 -320.239807
v -341.675049 0.000121 321.085419
v -321.969635 0.000132 339.254456
v -340.937103 -0.000120 -321.350067
v 325.462433 0.000125 332.572113
v -335.326843 -0.000122 -323.772766
v -335.825989 0.000120 323.528412
v -500.000000 -0.000188 -500.000000
v -374.514313 -0.000140 -367.355164
v -377.286499 -0.000137 -362.597168
v -379.532959 -0.000132 -355.721893
v -380.014252 -0.000130 -349.584686
v -379.241425 -0.000130 -342.835449
v 500.000000 0.000188 500.000000
v 365.596771 0.000139 375.635834
v 344.322693 0.000144 379.464478
v 348.911285 0.000145 380.020264
v -364.914368 -0.000139 -376.057251
v 378.295013 0.000136 360.058502
v -352.480957 -0.000144 -379.924316
v 379.622681 0.000133 355.099335
v 380.016296 0.000130 349.558411
v -346.270447 -0.000145 -379.829987
v 336.045746 0.000120 323.343567
v 323.884644 -0.000123 -335.181519
v -325.412811 -0.000125 -332.648560
v 321.972992 -0.000130 -339.250580
v 342.079376 0.000120 321.053833
v -322.063629 -0.000129 -338.869598
v 339.293335 -0.000121 -321.912109
v 320.684875 -0.000130 -343.509277
v 347.705688 0.000120 320.024658
v -320.355835 -0.000130 -345.148987
v 345.923889 -0.000120 -320.241913
v -319.989227 -0.000128 -349.752808
v 319.977020 -0.000130 -348.840057
v 351.892670 -0.000120 -320.015015
v 353.918671 0.000120 320.230133
v 320.354553 -0.000135 -354.839752
v 358.196503 0.000120 321.117737
v -320.394745 -0.000135 -355.253479
v 322.294861 -0.000134 -361.747009
v 362.685577 -0.000120 -322.753052
v -322.589050 -0.000134 -362.338837
v -325.622742 -0.000140 -367.526276
v 326.148315 -0.000139 -368.257721
v 368.156830 0.000124 326.061340
v 368.046783 -0.000124 -325.966583
v 372.217926 0.000124 329.794739
v -328.629974 -0.000140 -371.083191
v 375.465393 0.000125 334.116608
v 500.000000 -0.000188 -500.000000
v 380.015869 -0.000131 -350.478851
v 376.398285 -0.000137 -364.336517
v 377.480011 -0.000127 -337.920410
v 367.931580 -0.000141 -374.089020
v 364.100647 -0.000141 -376.499847
v 354.861755 -0.000145 -379.629150
v 345.599396 -0.000145 -379.691864
v 340.708160 -0.000145 -378.561920
v -332.954468 -0.000140 -374.739624
v -500.000000 25.000189 500.000000
v 500.000000 24.999834 -429.999969
v 429.999969 24.999807 -500.000000
v -429.999969 24.999809 -500.000000
v 430.000031 22.999809 -500.000000
v -500.000000 22.999838 -429.999969
v -500.000000 24.999838 -430.000031
v 379.960358 2.000130 348.291748
v 379.353210 2.000131 343.591034
v 377.459686 2.000127 337.810455
v 374.259552 2.000125 332.309753
v 369.581268 2.000124 327.166016
v 363.842560 2.000122 323.326019
v 351.689911 2.000120 319.997589
v 345.518158 2.000120 320.309967
v 339.299194 2.000121 321.906952
v 326.804626 2.000125 330.911194
v 323.894714 2.000125 335.169556
v 321.904724 2.000129 339.419220
v 320.684875 2.000130 343.509277
v 319.974915 2.000129 348.848083
v 320.354553 2.000135 354.839752
v 322.217865 2.000135 361.527649
v 326.147736 2.000140 368.278809
v 340.748505 2.000144 378.571411
v 345.417450 2.000145 379.656769
v 349.821533 2.000145 380.034729
v 354.928894 2.000144 379.612823
v 366.536133 2.000141 375.087646
v 371.353302 2.000140 371.104462
v 374.519775 2.000140 367.332520
v -320.355835 2.000130 345.148987
v -321.719910 2.000130 339.929596
v -330.413208 2.000016 327.237518
v -335.830292 2.000122 323.465820
v -355.570496 2.000120 320.466980
v -365.611206 2.000125 324.329620
v -370.763916 2.000123 328.299530
v -374.741974 2.000124 332.904053
v -378.109344 2.000130 339.382263
v -379.933472 2.000133 352.441772
v -378.917999 2.000136 358.161469
v -343.202911 2.000146 379.300446
v -328.407471 2.000140 370.843292
v -325.157227 2.000143 366.919830
v -322.622528 2.000136 362.304901
v -321.157684 2.000135 358.346771
v -319.989990 2.000132 351.907684
v 380.078125 1.999869 -349.598877
v 374.544006 1.999860 -367.287720
v 371.133911 1.999858 -371.389404
v 365.398865 1.999860 -375.832367
v 358.617462 1.999857 -378.804596
v 352.417572 1.999855 -379.936523
v 347.215820 1.999855 -379.891937
v 342.235687 1.999855 -379.022736
v 338.368561 1.999858 -377.659637
v 330.330597 1.999860 -372.675751
v 327.115295 1.999860 -369.440399
v 323.916016 1.999861 -364.885681
v 321.959961 1.999865 -360.712006
v 320.394745 1.999865 -355.253479
v 319.987640 1.999871 -349.740051
v 320.581787 1.999871 -343.714447
v 323.144714 1.999874 -336.539612
v 329.022491 1.999875 -328.523865
v 332.600311 1.999876 -325.510803
v 342.079376 1.999880 -321.053833
v 347.558899 1.999880 -320.041382
v 354.081512 1.999880 -320.236755
v 360.057587 1.999880 -321.691345
v 365.577332 1.999878 -324.299652
v 377.885529 1.999871 -338.849365
v 379.328522 1.999869 -343.604065
v -319.974915 1.999871 -348.848083
v -320.354553 1.999865 -354.839752
v -326.023804 1.999860 -368.130707
v -337.870667 1.999859 -377.499420
v -347.859253 1.999854 -379.950775
v -352.402924 1.999855 -379.927826
v -358.492523 1.999854 -378.848602
v -364.357697 1.999859 -376.371002
v -374.114807 1.999861 -367.904968
v -377.571838 1.999863 -361.990082
v -379.719543 1.999865 -354.598602
v -379.897522 1.999870 -347.043976
v -378.412354 1.999871 -340.107483
v -368.651855 1.999876 -326.457428
v -363.710022 1.999879 -323.257904
v -351.892670 1.999880 -320.015015
v -345.923889 1.999880 -320.241913
v -339.291840 1.999881 -321.910400
v -328.546875 1.999875 -328.948242
v -322.531097 1.999874 -337.768250
v -490.000000 25.000181 490.000000
v -496.000000 24.999809 -496.000000
v -498.000000 24.999838 -429.999969
v -496.000000 24.999838 -430.000000
v 490.000000 25.000181 490.000000
v -399.999969 24.999847 -412.784943
v -426.999969 24.999846 -415.784973
v -430.000000 24.999847 -412.784943
v -429.999969 24.999836 -430.000000
v -400.000000 24.999847 -415.784943
v 427.000000 24.999846 -415.784973
v 400.000000 24.999846 -412.784943
v 430.000000 24.999846 -412.784943
v 427.000000 24.999832 -445.784973
v 430.000000 24.999838 -430.000000
v 432.000000 24.999842 -430.000000
v 495.999969 24.999811 -496.000000
v 498.000000 24.999809 -498.000000
v -498.000000 24.999809 -498.000000
v 489.999969 24.999838 -430.000000
v -490.000000 24.999838 -430.000000
v 498.000000 22.999838 -429.999969
v -498.000000 22.999809 -498.000000
v -498.000000 2.000188 498.000000
v -498.000000 1.999837 -430.000000
v -430.000000 1.999844 -412.784943
v -432.000000 1.999838 -429.999969
v -429.999969 1.999811 -498.000000
v 400.000000 1.999844 -412.784943
v 399.999969 1.999845 -415.785004
v 429.999969 1.999844 -412.784943
v 496.000000 1.999838 -430.000000
v 429.999969 1.999811 -498.000000
v 498.000000 1.999837 -430.000000
v -430.000000 1.999831 -445.784973
v -427.000000 1.999845 -415.784943
v -430.000000 1.999840 -430.000000
v -432.000000 1.999814 -496.000000
v -496.000000 1.999815 -496.000000
v 496.000000 1.999815 -496.000000
v 430.000000 1.999839 -430.000000
v 427.000031 1.999845 -415.784943
v 430.000000 1.999831 -445.784943
v 496.000000 22.999838 -430.000000
v 490.000000 22.999838 -430.000000
v 490.000000 23.000181 490.000000
v -490.000000 23.000181 489.999969
v -489.999969 22.999838 -430.000000
v -496.000000 22.999838 -430.000000
v -420.684998 19.959055 -412.784973
v -416.202515 22.819214 -412.784973
v -413.464752 23.128883 -412.784973
v -421.870758 9.365694 -412.784973
v -420.170380 7.108606 -412.784973
v -407.945831 21.233866 -412.784973
v -410.995209 22.756161 -412.784973
v -404.859924 16.946951 -412.784943
v -418.004669 5.545739 -412.784943
v -409.903046 5.233452 -412.784973
v -430.000000 22.999819 -490.000000
v 430.000000 22.999817 -489.999969
v 421.420776 18.959011 -412.784973
v 423.004822 13.843533 -412.784973
v 422.236542 9.978990 -412.784973
v 420.038971 6.997512 -412.784973
v 409.839691 22.342461 -412.784973
v 413.281067 23.179634 -412.784973
v 418.270905 5.707550 -412.784973
v 405.285004 17.933094 -412.784973
v 410.514709 5.024385 -412.784973
v 408.271301 6.166272 -412.785004
v 404.723328 10.941876 -412.784973
v 413.259125 4.449838 -412.785004
v -404.300751 14.336422 -382.784973
v -405.033539 17.383150 -382.785004
v -408.363007 21.490673 -382.785004
v -411.047424 22.816444 -382.785004
v -414.315674 23.125130 -382.785004
v -417.327820 22.415800 -382.784973
v -420.189026 20.483355 -382.784973
v -422.342743 17.378269 -382.785004
v -422.970001 14.186310 -382.784973
v -422.741730 11.654322 -382.785004
v -421.538147 8.785683 -382.784973
v -419.711578 6.703477 -382.784973
v -416.828033 4.991511 -382.784973
v -411.045807 4.854381 -382.784973
v -408.786438 5.827268 -382.785004
v -406.735077 7.536494 -382.784973
v -404.591858 11.597003 -382.785004
v 404.356537 12.540105 -382.785004
v 404.608124 16.156908 -382.785004
v 405.957611 19.142555 -382.785004
v 408.297699 21.467028 -382.785034
v 410.490875 22.582642 -382.784973
v 412.955963 23.114618 -382.784973
v 415.907501 22.879660 -382.784973
v 418.189148 21.946669 -382.784973
v 421.552429 18.745087 -382.785004
v 422.571899 16.581285 -382.784973
v 422.680389 11.491858 -382.785004
v 421.719849 9.053768 -382.784973
v 419.757416 6.724282 -382.784973
v 414.514801 4.486246 -382.784973
v 411.671600 4.681188 -382.785004
v 408.549438 5.916993 -382.784973
v 405.771271 8.752149 -382.785004
v -358.066956 -0.000000 -0.134397
v 322.077667 0.000129 338.864655
v 330.433594 0.000124 327.212982
v 357.032990 -0.000120 -320.821594
v 372.954498 -0.000140 -369.412720
v 333.593384 2.000125 324.832184
v 329.607635 2.000124 327.974762
v -366.232697 0.000122 324.721680
v -379.804260 2.000131 346.149658
v 337.539642 1.999880 -322.688232
v 372.311768 -0.000125 -329.909668
v -429.999969 24.999832 -445.784973
v 500.000000 22.999844 -430.000000
v -430.000000 24.999819 -489.999969
v -418.823425 21.561041 -412.784973
v -344.917419 0.000145 379.605927
v 27.802336 0.000140 374.302795
v -330.433594 -0.000125 -327.212982
v 357.923431 2.000120 321.018890
v 339.999298 0.000144 378.342804
v -372.638336 2.000140 369.759460
v 330.354736 -0.000140 -372.714600
v -432.000000 24.999809 -496.000000
v 498.000000 2.000188 498.000000
v 422.994965 13.793074 -382.784973
v 34.634743 -0.000140 -373.039276
v 323.179901 0.000137 363.578186
v 355.511139 0.000144 379.573792
v 360.099823 2.000146 378.305023
v -376.638519 2.000139 363.909088
v 359.560242 -0.000145 -378.476318
v 326.179810 1.999875 -331.712372
v -322.275909 1.999864 -361.694153
v -331.253052 1.999860 -373.511566
v -337.497711 -0.000141 -377.300140
v -342.950592 1.999856 -379.179443
v -369.904602 -0.000140 -372.514893
v -357.933533 1.999880 -321.031281
v -320.684875 1.999870 -343.509277
v 432.000000 1.999816 -496.000000
v -405.928375 19.027107 -412.784973
v -327.303040 0.000125 330.288666
v 377.765991 2.000133 361.633484
v -331.625916 0.000124 326.261414
v -348.299255 2.000120 319.995239
v -351.404602 2.000144 380.043701
v 335.281036 -0.000140 -376.187103
v 374.961884 1.999875 -333.287354
v -375.541077 1.999875 -334.174896
v 498.000000 24.999842 -430.000031
v -430.000031 24.999809 -498.000000
v 430.000000 24.999809 -498.000000
v 426.999969 1.999831 -445.784973
v -400.000000 1.999845 -415.784973
v 496.000000 24.999838 -430.000000
v -405.348358 9.477804 -412.784973
v -429.999969 22.999807 -498.000000
v 407.107452 20.515717 -412.784973
v 369.608490 0.000141 372.759857
v -323.903320 0.000124 335.167450
v -327.236938 2.000125 330.455688
v 379.596619 -0.000136 -355.009186
v -341.162659 -0.000145 -378.682465
v -372.293640 1.999875 -329.887238
v -430.000000 22.999809 -500.000000
v -348.402161 2.000004 9.784883
v 432.000000 1.999839 -430.000000
v 498.000000 23.000191 498.000000
v 343.206909 0.000001 1.723665
v 362.135101 0.000143 377.481201
v 373.121613 0.000140 369.147369
v -371.120117 0.000125 328.568604
v -367.639557 2.000141 374.371368
v -357.105286 2.000144 379.165070
v -336.878448 2.000140 377.037445
v -331.913849 2.000140 373.960846
v -330.389984 0.000140 372.738007
v 333.984283 1.999859 -375.414062
v 375.526550 -0.000126 -334.147980
v 379.494751 -0.000129 -344.062927
v -356.483246 -0.000120 -320.686584
v 500.000000 25.000193 500.000000
v 422.432312 16.980848 -412.784973
v 378.250336 0.000130 339.720001
v 334.533234 2.000141 375.792084
v -324.127563 2.000124 334.667694
v -379.509369 0.000131 344.182526
v 379.144073 1.999867 -357.419678
v 378.553650 -0.000135 -359.269897
v -359.313904 -0.000145 -378.617279
v -369.899933 1.999860 -372.619659
v -325.309662 1.999875 -332.922089
v -500.000000 22.999809 -500.000000
v -498.000000 22.999838 -430.000000
v 498.000000 22.999813 -498.000000
v -496.000000 1.999839 -430.000000
v -413.104980 4.477371 -412.785004
v -427.000000 24.999830 -445.784973
v 327.712372 -0.000042 -329.790436
v 379.611755 0.000130 345.092621
v 362.631073 0.000121 322.751343
v 329.869781 2.000140 372.260376
v 376.186890 0.000140 364.730774
v 379.781097 2.000137 354.005554
v -360.825378 2.000120 322.003510
v -362.097839 2.000142 377.496918
v -335.281036 0.000139 376.187103
v 376.981232 1.999864 -363.184814
v 349.999939 -0.000145 -380.021271
v 333.593384 -0.000123 -324.832184
v -333.593384 1.999876 -324.832184
v 7.612874 2.000129 342.598694
v -426.999969 1.999831 -445.784973
v 362.568268 2.000000 0.579712
v 430.000000 24.999817 -490.000000
v 430.000000 22.999807 -498.000000
v 432.000000 24.999809 -495.999969
v -498.000000 23.000189 498.000000
v -422.379211 17.204531 -412.784973
v -405.448853 9.359723 -382.784973
v -413.542206 4.461457 -382.784973
v -342.335846 2.000120 320.961639
v -357.664215 0.000120 320.961639
v 500.000000 22.999807 -500.000000
v -400.000000 1.999844 -412.784943
v 371.257965 1.999876 -328.754333
v -432.000000 24.999840 -430.000000
v -404.397186 12.556666 -412.784973
v 430.000000 24.999834 -445.784973
v 400.000000 24.999847 -415.784973
v -404.389038 14.854843 -412.784973
v -406.484009 19.800531 -382.785004
v -423.010864 13.704142 -412.784973
v -422.631348 11.299977 -412.784973
v -415.831085 4.726271 -412.784973
v -407.313690 6.937633 -412.784943
v 416.515228 22.683592 -412.784973
v 419.526550 21.116676 -412.784943
v 420.102142 20.557995 -382.784973
v 417.423523 5.268531 -382.784973
v 416.336212 4.865548 -412.784973
v 406.286102 8.069959 -412.784973
v 404.342010 14.909652 -412.784973
vn -0.0000 -1.0000 -0.0000
vn -0.5774 -0.5773 0.5774
vn 0.6729 -0.7271 -0.1363
vn 0.1097 -0.7303 -0.6743
vn 0.2208 -0.7314 -0.6453
vn 0.6794 -0.7336 -0.0161
vn -0.0263 -0.7336 -0.6791
vn -0.0912 -0.7382 -0.6684
vn 0.6180 -0.7327 0.2849
vn 0.5834 -0.7338 0.3481
vn 0.4456 -0.7259 -0.5238
vn 0.5231 -0.7289 -0.4416
vn 0.4711 -0.7414 0.4779
vn 0.4669 -0.7260 -0.5050
vn 0.5378 -0.7276 -0.4259
vn -0.4486 -0.7288 -0.5173
vn -0.6144 -0.7300 -0.2993
vn -0.5355 -0.7307 -0.4234
vn 0.5860 -0.7454 -0.3178
vn 0.6012 -0.7375 -0.3078
vn 0.6494 -0.7383 -0.1821
vn 0.0126 -0.7307 -0.6826
vn 0.1814 -0.7300 0.6590
vn 0.0507 -0.7427 0.6678
vn -0.6712 -0.7407 0.0279
vn -0.0122 -0.7329 0.6802
vn 0.6698 -0.7413 -0.0426
vn -0.0906 -0.7226 -0.6853
vn -0.6677 -0.7283 0.1543
vn -0.1895 -0.7426 0.6423
vn 0.6317 -0.7324 0.2541
vn -0.6397 -0.7255 0.2538
vn -0.3233 -0.7375 -0.5929
vn 0.4982 -0.7371 -0.4566
vn -0.6072 -0.7179 0.3405
vn 0.5464 -0.7422 0.3880
vn -0.3254 -0.7189 0.6143
vn -0.4104 -0.7311 0.5450
vn -0.5131 -0.7343 0.4445
vn -0.4372 -0.7368 -0.5157
vn 0.5586 -0.7327 0.3889
vn -0.5774 -0.5774 -0.5773
vn 0.4636 -0.7204 0.5159
vn 0.6153 -0.7321 0.2923
vn -0.2798 -0.7408 -0.6107
vn 0.5774 -0.5773 0.5774
vn 0.3704 -0.7265 -0.5788
vn 0.1344 -0.7232 -0.6775
vn 0.2392 -0.7346 -0.6349
vn 0.0244 -0.7273 -0.6858
vn 0.4454 -0.7305 0.5177
vn -0.5868 -0.7373 -0.3348
vn -0.5283 -0.7272 -0.4383
vn 0.2127 -0.7407 0.6372
vn 0.0642 -0.7255 0.6852
vn -0.6618 -0.7382 -0.1306
vn -0.6352 -0.7385 0.2261
vn -0.0857 -0.7349 0.6728
vn -0.2035 -0.7260 0.6569
vn -0.5506 -0.7389 -0.3884
vn 0.3687 -0.7327 -0.5721
vn 0.3081 -0.7458 0.5906
vn 0.2382 -0.7359 -0.6338
vn -0.6336 -0.7347 -0.2425
vn 0.5895 -0.7287 -0.3484
vn -0.6734 -0.7312 -0.1094
vn 0.6288 -0.7418 -0.2331
vn 0.6814 -0.7161 -0.1514
vn 0.1756 -0.7331 0.6571
vn 0.0462 -0.7410 0.6699
vn 0.6782 -0.7343 -0.0274
vn -0.0339 -0.7376 -0.6744
vn -0.6887 -0.7250 0.0122
vn -0.6637 -0.7375 0.1245
vn -0.0939 -0.7331 0.6736
vn -0.1952 -0.7211 0.6648
vn -0.1616 -0.7321 -0.6617
vn -0.2795 -0.7308 0.6227
vn 0.6199 -0.7398 0.2615
vn -0.2852 -0.7384 -0.6111
vn -0.6169 -0.7318 0.2895
vn -0.5692 -0.7257 0.3864
vn 0.5448 -0.7325 0.4083
vn -0.3973 -0.7339 0.5509
vn -0.4045 -0.7460 -0.5290
vn -0.4982 -0.7406 0.4509
vn -0.5164 -0.7378 -0.4347
vn -0.5792 -0.7340 -0.3546
vn -0.5809 -0.7336 0.3526
vn -0.6681 -0.7379 0.0957
vn -0.6265 -0.7427 0.2364
vn -0.6015 -0.7305 0.3234
vn -0.5190 -0.7348 0.4367
vn -0.6603 -0.7397 -0.1300
vn -0.1137 -0.7333 0.6703
vn -0.2357 -0.7299 0.6417
vn 0.0014 -0.7283 0.6852
vn 0.1058 -0.7251 0.6804
vn -0.2993 -0.7215 0.6244
vn -0.3667 -0.7412 0.5623
vn 0.5774 0.5774 -0.5773
vn 0.5773 0.5774 0.5773
vn 0.9045 0.3015 -0.3015
vn 0.7071 -0.0000 -0.7071
vn -0.5773 0.5774 -0.5773
vn -0.3015 0.3015 -0.9045
vn 0.3015 0.3015 -0.9045
vn -0.9045 0.3015 -0.3015
vn -1.0000 -0.0000 -0.0000
vn -0.5773 0.5774 0.5773
vn -0.9999 -0.0112 0.0023
vn -0.9983 -0.0063 0.0581
vn -0.9877 0.0056 0.1561
vn -0.6638 0.7326 0.1506
vn -0.6140 0.7359 0.2854
vn -0.8062 0.0037 0.5916
vn -0.4425 0.7388 0.5082
vn -0.3200 0.7369 0.5955
vn -0.1815 0.7286 0.6605
vn -0.0342 0.7383 0.6736
vn 0.1612 0.0023 0.9869
vn 0.2356 0.7426 0.6269
vn 0.3740 0.7386 0.5610
vn 0.4755 0.7298 0.4912
vn 0.5032 0.7414 0.4440
vn 0.5933 0.7351 0.3281
vn 0.6525 0.7193 0.2386
vn 0.6632 0.7318 0.1571
vn 0.9876 -0.0007 0.1569
vn 0.6712 0.7407 0.0300
vn 0.6643 0.7385 -0.1155
vn 0.6231 0.7393 -0.2552
vn 0.5456 0.7362 -0.4005
vn 0.4629 0.7247 -0.5104
vn 0.3395 0.7373 -0.5841
vn 0.3082 -0.0158 -0.9512
vn 0.1507 -0.0008 -0.9886
vn -0.0091 0.7291 -0.6843
vn -0.1846 -0.0107 -0.9828
vn -0.1042 0.7178 -0.6884
vn -0.2213 0.7410 -0.6340
vn -0.4876 0.7275 -0.4827
vn -0.4368 -0.7383 -0.5140
vn -0.3755 0.7323 -0.5680
vn -0.5595 0.7302 -0.3922
vn -0.6188 0.7423 -0.2571
vn -0.6769 0.7308 -0.0879
vn -0.9881 0.0036 0.1536
vn -0.6600 0.7499 -0.0457
vn -0.9426 -0.0081 0.3338
vn -0.8571 0.0198 0.5148
vn -0.5343 0.7135 0.4532
vn -0.4465 0.7320 0.5146
vn -0.3156 0.7376 0.5970
vn -0.0463 0.7376 0.6736
vn -0.1657 0.7244 0.6691
vn 0.1186 0.7330 0.6698
vn 0.5479 0.7414 0.3875
vn 0.6320 0.7392 0.2328
vn 0.9775 -0.0318 0.2084
vn 0.9939 0.0172 0.1093
vn 0.9960 -0.0053 -0.0891
vn 0.6547 0.7325 -0.1863
vn 0.9286 -0.0140 -0.3708
vn 0.5909 0.7447 -0.3102
vn 0.5515 -0.7456 -0.3740
vn 0.7562 0.0031 -0.6543
vn 0.4756 -0.7317 -0.4883
vn 0.4034 0.7451 -0.5310
vn 0.3468 -0.7410 -0.5751
vn 0.1627 0.7264 -0.6678
vn 0.2758 0.7389 -0.6148
vn 0.0293 0.7384 -0.6737
vn -0.1519 0.7382 -0.6573
vn -0.3352 -0.0239 -0.9419
vn -0.2918 0.7334 -0.6140
vn -0.5037 -0.0096 -0.8638
vn -0.4038 0.7317 -0.5491
vn -0.4916 0.7307 -0.4737
vn -0.5640 0.7369 -0.3726
vn -0.6296 0.7302 -0.2652
vn -0.6392 0.7408 -0.2064
vn -0.9782 -0.0309 -0.2053
vn -0.9994 0.0186 0.0285
vn -0.6717 0.7407 -0.0127
vn -0.6544 0.7372 0.1681
vn -0.6163 0.7391 0.2717
vn -0.5610 0.7308 0.3889
vn -0.4605 0.7455 0.4818
vn -0.6081 -0.0319 0.7932
vn -0.3447 0.7363 0.5822
vn -0.3013 -0.7292 0.6144
vn -0.1959 0.7334 0.6510
vn -0.0564 0.7300 0.6811
vn 0.0614 0.7253 0.6857
vn 0.1690 0.7299 0.6624
vn 0.3171 0.0087 0.9483
vn 0.2711 0.7286 0.6290
vn 0.4834 0.0004 0.8754
vn 0.3711 0.7325 0.5708
vn 0.6551 0.0098 0.7555
vn 0.5138 0.7314 0.4485
vn 0.4549 0.7215 0.5220
vn 0.5767 0.7438 0.3379
vn 0.6640 0.7375 0.1233
vn 0.9880 0.0120 0.1540
vn 0.6542 0.7215 0.2267
vn 0.9781 0.0041 -0.2080
vn 0.6869 0.7268 0.0074
vn 0.6143 0.7291 -0.3017
vn 0.5478 0.7335 -0.4023
vn 0.4045 0.7365 -0.5422
vn 0.4320 0.0092 -0.9018
vn 0.2532 0.0293 -0.9670
vn 0.1511 0.0024 -0.9885
vn 0.0693 0.0153 -0.9975
vn -0.1411 0.0042 -0.9900
vn -0.2222 0.7370 -0.6384
vn -0.3506 0.7380 -0.5766
vn -0.4765 0.7370 -0.4794
vn -0.5524 0.7370 -0.3894
vn -0.6807 0.7162 -0.1539
vn -0.6347 0.7320 -0.2478
vn -0.6781 0.7274 0.1057
vn -0.6816 0.7314 -0.0224
vn -0.6217 0.7412 0.2531
vn -0.5429 0.7339 0.4083
vn -0.4224 0.7401 0.5233
vn -0.4787 -0.7413 0.4704
vn -0.2806 0.7301 0.6231
vn -0.0361 0.7289 0.6836
vn -0.1604 0.7269 0.6677
vn 0.3469 -0.7280 0.5913
vn 0.3238 0.7284 0.6038
vn 0.4414 0.7459 0.4987
vn 0.5417 0.7328 0.4118
vn 0.6240 0.7363 0.2616
vn 0.9763 -0.0179 0.2155
vn 0.9902 -0.0066 0.1398
vn 0.9994 -0.0344 0.0009
vn 0.6688 0.7405 -0.0660
vn 0.9730 -0.0464 -0.2262
vn 0.6248 0.7468 -0.2277
vn 0.5733 0.7347 -0.3626
vn 0.5099 0.7254 -0.4625
vn 0.4241 0.7285 -0.5380
vn 0.3119 0.7382 -0.5981
vn 0.3753 -0.7309 -0.5700
vn 0.3749 -0.0241 -0.9267
vn 0.1828 0.7299 -0.6587
vn 0.1995 -0.0087 -0.9799
vn 0.0507 0.7304 -0.6811
vn -0.1393 -0.0074 -0.9902
vn -0.2825 -0.0228 -0.9590
vn -0.2463 0.7367 -0.6298
vn -0.3773 0.7340 -0.5647
vn -0.4792 0.7459 -0.4626
vn -0.5798 0.7141 -0.3922
vn -0.6146 0.7349 -0.2868
vn -0.6634 0.7314 -0.1582
vn -0.3015 0.9045 -0.3015
vn -0.0000 0.7071 -0.7071
vn 0.3015 0.9045 -0.3015
vn -0.0000 1.0000 -0.0000
vn -0.5774 0.5774 0.5773
vn 0.5774 0.5775 0.5772
vn -0.3015 0.9045 0.3015
vn -0.5773 0.5773 0.5774
vn 0.5773 0.5774 -0.5774
vn 0.3015 0.9045 0.3015
vn 0.5773 0.5774 -0.5773
vn 0.5774 0.5773 -0.5773
vn 0.5773 0.5773 -0.5774
vn -0.5773 0.5773 -0.5774
vn -0.3162 0.9487 -0.0000
vn -0.5774 0.5774 -0.5773
vn 0.5774 0.5773 -0.5774
vn 0.4713 0.7197 0.5098
vn 0.5773 0.5774 0.5774
vn 0.3568 0.7302 0.5827
vn 0.1779 0.7300 0.6598
vn 0.0626 0.7298 0.6808
vn 0.4576 0.7330 -0.5034
vn 0.3015 0.9046 0.3014
vn 0.7071 0.7071 -0.0000
vn -0.5774 0.5773 0.5774
vn -0.5774 0.5773 0.5773
vn 0.5774 0.5773 0.5773
vn -0.5773 0.5774 -0.5774
vn -0.0000 -0.0000 -1.0000
vn -0.6667 -0.6667 -0.3333
vn -0.5773 -0.5773 -0.5774
vn -0.3015 -0.9045 -0.3015
vn 0.5774 -0.5774 -0.5773
vn 0.7071 -0.7071 -0.0000
vn 0.7071 -0.0000 0.7071
vn -0.1840 0.6406 0.7455
vn -0.3703 0.5657 0.7368
vn -0.6655 0.0077 0.7464
vn -0.6570 -0.1793 0.7323
vn -0.5887 -0.3285 0.7385
vn 0.5549 0.3852 0.7374
vn 0.3982 0.5284 0.7498
vn 0.6640 -0.1014 0.7409
vn 0.6762 0.0748 0.7329
vn 0.5884 -0.3057 0.7486
vn 0.0467 -0.6663 0.7442
vn -0.1508 -0.6580 0.7378
vn 1.0000 -0.0000 -0.0000
vn 0.5773 -0.5774 0.5774
vn 0.9045 -0.3015 0.3015
vn -0.9045 -0.3015 0.3015
vn -0.5773 -0.5774 0.5774
vn -0.0000 -0.0000 1.0000
vn 0.6360 0.2158 0.7409
vn 0.4725 -0.4756 0.7420
vn 0.5966 -0.2634 0.7581
vn -0.2669 0.6083 0.7475
vn -0.0287 0.6578 0.7526
vn -0.4624 0.4743 0.7491
vn -0.6009 0.2963 0.7424
vn 0.3388 -0.5911 0.7320
vn 0.1818 -0.6494 0.7384
vn -0.2245 -0.6375 0.7370
vn -0.0242 -0.6654 0.7461
vn -0.6547 0.0685 0.7528
vn -0.3894 -0.5469 0.7411
vn -0.5315 -0.4073 0.7427
vn -0.6287 -0.1931 0.7533
vn 0.5774 0.5774 0.5774
vn -0.5773 0.5774 0.5774
vn 0.5773 -0.5774 -0.5773
vn 0.5774 -0.5774 0.5774
vn -0.5773 -0.5774 -0.5773
vn -0.5773 -0.5774 0.5773
vn 0.7393 0.0484 0.6716
vn 0.6360 0.2301 0.7365
vn 0.6827 0.2791 0.6753
vn 0.5687 0.4685 0.6761
vn 0.4120 0.6088 0.6779
vn 0.2041 0.7151 0.6686
vn -0.0486 0.7373 0.6738
vn 0.0130 0.6755 0.7372
vn -0.2977 0.6799 0.6702
vn -0.5222 0.5285 0.6693
vn -0.5097 0.4343 0.7427
vn -0.6890 0.2903 0.6641
vn -0.7351 0.0394 0.6768
vn -0.6170 0.2353 0.7510
vn -0.7159 -0.1779 0.6752
vn -0.6267 -0.3918 0.6736
vn -0.4727 -0.5669 0.6747
vn -0.4694 -0.4793 0.7416
vn -0.3199 -0.5952 0.7372
vn -0.2541 -0.6987 0.6688
vn -0.0010 -0.7385 0.6742
vn 0.2030 -0.7037 0.6809
vn 0.2629 -0.6102 0.7473
vn 0.3847 -0.6271 0.6773
vn 0.4535 -0.4893 0.7449
vn 0.5393 -0.4975 0.6795
vn 0.7130 -0.1717 0.6799
vn 0.6469 -0.3454 0.6799
vn -0.7187 0.1817 0.6711
vn -0.6100 0.4228 0.6701
vn -0.4320 0.5981 0.6750
vn -0.2452 0.6916 0.6794
vn 0.2074 0.6346 0.7445
vn 0.3553 0.6392 0.6821
vn 0.4084 0.5202 0.7500
vn 0.5606 0.3804 0.7355
vn 0.5073 0.5306 0.6790
vn 0.6208 0.3872 0.6816
vn 0.7365 0.0053 0.6764
vn 0.7083 -0.1835 0.6817
vn 1.0000 -0.0071 -0.0033
vn 0.6345 -0.3793 0.6735
vn 0.4843 -0.5582 0.6736
vn 0.0718 -0.7363 0.6729
vn -0.1630 -0.7192 0.6754
vn -0.4135 -0.6227 0.6642
vn -0.6304 -0.4018 0.6642
vn -0.7395 -0.1069 0.6646
vn 0.7047 0.2144 0.6764
vn 0.1713 0.7178 0.6748
vn 0.3834 -0.7283 0.5679
vn 0.2825 -0.7258 0.6272
vn -0.3532 -0.7210 -0.5961
vn -0.6510 -0.7305 -0.2063
vn -0.6236 -0.7294 -0.2813
vn 0.2460 0.7252 0.6430
vn 0.2020 0.6376 0.7434
vn -0.0498 0.7358 0.6754
vn 0.2941 -0.6755 0.6761
vt 0.077476 0.067375
vt 0.074039 0.065656
vt 0.077476 0.063938
vt 0.003332 0.087577
vt 0.005050 0.084140
vt 0.006769 0.087577
vt 0.087577 0.087577
vt 0.084140 0.085859
vt 0.087577 0.084140
vt 0.013433 0.097678
vt 0.015151 0.094241
vt 0.016870 0.097678
vt 0.043736 0.107779
vt 0.045455 0.104342
vt 0.047173 0.107779
vt 0.053837 0.107779
vt 0.053847 0.104342
vt 0.057274 0.107779
vt 0.033635 0.117880
vt 0.035353 0.114443
vt 0.037072 0.117880
vt 0.117880 0.107779
vt 0.114443 0.106061
vt 0.117880 0.104342
vt 0.084140 0.127981
vt 0.085859 0.124544
vt 0.087577 0.127981
vt 0.114443 0.127981
vt 0.116161 0.124544
vt 0.117880 0.127981
vt 0.043736 0.146303
vt 0.047173 0.144746
vt 0.047173 0.148183
vt 0.148183 0.006769
vt 0.144746 0.005050
vt 0.148183 0.003332
vt 0.148183 0.037072
vt 0.144746 0.035354
vt 0.148183 0.033635
vt 0.158284 0.097678
vt 0.154847 0.095959
vt 0.158284 0.094241
vt 0.158284 0.148183
vt 0.154847 0.146464
vt 0.158284 0.144746
vt 0.013433 0.166363
vt 0.016870 0.164948
vt 0.016870 0.168385
vt 0.164948 0.085859
vt 0.168385 0.084140
vt 0.168385 0.087577
vt 0.175049 0.015151
vt 0.178486 0.013433
vt 0.178486 0.016870
vt 0.063938 0.188587
vt 0.065656 0.185150
vt 0.067375 0.188587
vt 0.188587 0.077476
vt 0.185150 0.075758
vt 0.188587 0.074039
vt 0.198688 0.026971
vt 0.195251 0.025252
vt 0.198688 0.023534
vt 0.198688 0.047173
vt 0.195251 0.045454
vt 0.198688 0.043736
vt 0.198688 0.138082
vt 0.195252 0.136363
vt 0.198688 0.134645
vt 0.198688 0.168385
vt 0.195251 0.166667
vt 0.198688 0.164948
vt 0.053837 0.205353
vt 0.057274 0.207071
vt 0.053837 0.208789
vt 0.208789 0.168385
vt 0.205353 0.166667
vt 0.208789 0.164948
vt 0.023534 0.218890
vt 0.025252 0.215454
vt 0.026971 0.218890
vt 0.218890 0.006769
vt 0.215454 0.005050
vt 0.218890 0.003332
vt 0.218890 0.077476
vt 0.215454 0.075758
vt 0.218890 0.074039
vt 0.043736 0.228991
vt 0.045455 0.225555
vt 0.047173 0.228991
vt 0.225555 0.085859
vt 0.228991 0.084140
vt 0.228991 0.087577
vt 0.228991 0.148183
vt 0.225555 0.146464
vt 0.228991 0.144746
vt 0.225555 0.198688
vt 0.227273 0.195251
vt 0.228991 0.198688
vt 0.227384 0.208789
vt 0.225555 0.205353
vt 0.228991 0.205353
vt 0.074039 0.239092
vt 0.075758 0.235656
vt 0.077476 0.239092
vt 0.225555 0.235656
vt 0.228991 0.237374
vt 0.225555 0.239092
vt 0.239092 0.006769
vt 0.235656 0.005050
vt 0.239092 0.003332
vt 0.239092 0.067375
vt 0.235656 0.065656
vt 0.239092 0.063938
vt 0.239092 0.168385
vt 0.235656 0.166667
vt 0.239092 0.164948
vt 0.249193 0.037072
vt 0.245757 0.035354
vt 0.249193 0.033635
vt 0.023534 0.259294
vt 0.025252 0.255858
vt 0.026971 0.259294
vt 0.175049 0.259294
vt 0.175049 0.255858
vt 0.178486 0.259294
vt 0.259294 0.016870
vt 0.255858 0.015151
vt 0.259294 0.013433
vt 0.257490 0.198688
vt 0.255858 0.195251
vt 0.259294 0.195251
vt 0.033635 0.269395
vt 0.033635 0.265959
vt 0.037072 0.269395
vt 0.175049 0.269395
vt 0.176767 0.265959
vt 0.178486 0.269395
vt 0.265959 0.267677
vt 0.269395 0.265959
vt 0.269395 0.269395
vt 0.094241 0.279496
vt 0.095959 0.276060
vt 0.097678 0.279496
vt 0.154847 0.279496
vt 0.156565 0.276060
vt 0.158284 0.279496
vt 0.279496 0.006769
vt 0.276060 0.005050
vt 0.279496 0.003332
vt 0.279496 0.057274
vt 0.276060 0.055556
vt 0.279496 0.053837
vt 0.033635 0.289597
vt 0.035353 0.286161
vt 0.037072 0.289597
vt 0.043736 0.299698
vt 0.045454 0.296262
vt 0.047173 0.299698
vt 0.124544 0.299698
vt 0.126263 0.296262
vt 0.127981 0.299698
vt 0.299698 0.016870
vt 0.296262 0.015151
vt 0.299698 0.013433
vt 0.299698 0.198688
vt 0.296262 0.196970
vt 0.299698 0.195251
vt 0.299698 0.239092
vt 0.296262 0.237374
vt 0.299698 0.235656
vt 0.215454 0.309799
vt 0.216754 0.306363
vt 0.218890 0.309799
vt 0.235656 0.306363
vt 0.239092 0.308081
vt 0.235656 0.309799
vt 0.309799 0.006769
vt 0.306363 0.005050
vt 0.309799 0.003332
vt 0.309799 0.198688
vt 0.306363 0.196970
vt 0.309799 0.195251
vt 0.084140 0.319900
vt 0.085859 0.316464
vt 0.087577 0.319900
vt 0.225555 0.317198
vt 0.228991 0.316464
vt 0.228991 0.319900
vt 0.319900 0.057274
vt 0.316464 0.055556
vt 0.319900 0.053837
vt 0.319900 0.107779
vt 0.316464 0.106061
vt 0.319900 0.104342
vt 0.318427 0.158284
vt 0.316464 0.154847
vt 0.319900 0.154847
vt 0.316464 0.297980
vt 0.319900 0.296262
vt 0.319900 0.299698
vt 0.255858 0.330001
vt 0.257576 0.326565
vt 0.259294 0.330001
vt 0.306363 0.330001
vt 0.308081 0.326565
vt 0.309799 0.330001
vt 0.330001 0.158284
vt 0.326565 0.156565
vt 0.330001 0.154847
vt 0.330001 0.330001
vt 0.326565 0.328283
vt 0.330001 0.326565
vt 0.164948 0.340102
vt 0.166667 0.336666
vt 0.168385 0.340102
vt 0.336666 0.047173
vt 0.338384 0.043736
vt 0.340102 0.047173
vt 0.340102 0.148183
vt 0.336666 0.146464
vt 0.340102 0.144746
vt 0.340102 0.279496
vt 0.336666 0.279496
vt 0.340102 0.276060
vt 0.013433 0.346767
vt 0.016870 0.348485
vt 0.013433 0.350203
vt 0.084140 0.350208
vt 0.087577 0.346767
vt 0.087577 0.350203
vt 0.104342 0.346767
vt 0.107779 0.348485
vt 0.104342 0.350203
vt 0.316464 0.350203
vt 0.318182 0.346767
vt 0.319900 0.350203
vt 0.336666 0.350203
vt 0.338384 0.346767
vt 0.340102 0.350203
vt 0.055556 0.356868
vt 0.057274 0.360304
vt 0.053837 0.360304
vt 0.114443 0.360304
vt 0.116161 0.356868
vt 0.117880 0.360304
vt 0.124544 0.356868
vt 0.127981 0.358586
vt 0.124544 0.360304
vt 0.286161 0.360304
vt 0.287879 0.356868
vt 0.289597 0.360304
vt 0.360304 0.340102
vt 0.356868 0.340102
vt 0.360304 0.336666
vt 0.053837 0.370405
vt 0.055556 0.366969
vt 0.057274 0.370405
vt 0.114443 0.366969
vt 0.117880 0.368687
vt 0.114443 0.370405
vt 0.370405 0.016870
vt 0.366969 0.015151
vt 0.370405 0.013433
vt 0.370405 0.239092
vt 0.366969 0.237374
vt 0.370405 0.235656
vt 0.366969 0.360304
vt 0.368687 0.356868
vt 0.370405 0.360304
vt 0.370405 0.370405
vt 0.366969 0.368687
vt 0.370405 0.366969
vt 0.003332 0.377070
vt 0.006769 0.378788
vt 0.003332 0.380506
vt 0.053837 0.380506
vt 0.055556 0.377070
vt 0.057274 0.380506
vt 0.144746 0.380506
vt 0.146464 0.377070
vt 0.148183 0.380506
vt 0.235656 0.380506
vt 0.237374 0.377070
vt 0.239092 0.380506
vt 0.356868 0.380506
vt 0.358586 0.377070
vt 0.360304 0.380506
vt 0.380506 0.198688
vt 0.377070 0.196970
vt 0.380506 0.195251
vt 0.205353 0.390607
vt 0.207071 0.387171
vt 0.208789 0.390607
vt 0.356868 0.390608
vt 0.358586 0.387171
vt 0.360304 0.390608
vt 0.390608 0.067375
vt 0.387171 0.065656
vt 0.390608 0.063938
vt 0.390608 0.249193
vt 0.387171 0.247475
vt 0.390608 0.245757
vt 0.390607 0.370405
vt 0.387171 0.368687
vt 0.390607 0.366969
vt 0.063938 0.400709
vt 0.065656 0.397272
vt 0.067375 0.400709
vt 0.326565 0.400709
vt 0.330001 0.397272
vt 0.330001 0.400709
vt 0.377070 0.400709
vt 0.380506 0.397272
vt 0.380506 0.400709
vt 0.397272 0.005050
vt 0.400709 0.003332
vt 0.400709 0.006769
vt 0.400709 0.138082
vt 0.397272 0.134645
vt 0.400709 0.134645
vt 0.400709 0.148183
vt 0.397272 0.146464
vt 0.400709 0.144746
vt 0.397272 0.188587
vt 0.398991 0.185150
vt 0.400709 0.188587
vt 0.400709 0.228991
vt 0.397272 0.225555
vt 0.400709 0.225555
vt 0.400709 0.239092
vt 0.397272 0.237374
vt 0.400709 0.235656
vt 0.397272 0.400812
vt 0.400708 0.397272
vt 0.400708 0.400709
vt 0.034443 0.407373
vt 0.037072 0.410810
vt 0.033635 0.410810
vt 0.178486 0.407373
vt 0.178486 0.410810
vt 0.175049 0.410810
vt 0.245757 0.410807
vt 0.249193 0.407373
vt 0.249193 0.410810
vt 0.407373 0.095959
vt 0.410810 0.094241
vt 0.410810 0.097678
vt 0.407373 0.107779
vt 0.407373 0.104342
vt 0.410810 0.107779
vt 0.407373 0.228991
vt 0.409091 0.225555
vt 0.410810 0.228991
vt 0.407373 0.360304
vt 0.409092 0.356868
vt 0.410810 0.360304
vt 0.134645 0.417474
vt 0.138082 0.417474
vt 0.134645 0.420911
vt 0.237374 0.417474
vt 0.239092 0.420911
vt 0.235656 0.420911
vt 0.356868 0.420911
vt 0.356868 0.417474
vt 0.360304 0.420911
vt 0.417474 0.178486
vt 0.417474 0.175049
vt 0.420911 0.178486
vt 0.417474 0.420911
vt 0.417474 0.417474
vt 0.420911 0.420911
vt 0.175049 0.427575
vt 0.178486 0.427575
vt 0.175049 0.431012
vt 0.397983 0.427575
vt 0.400708 0.431012
vt 0.397272 0.431012
vt 0.427575 0.016323
vt 0.431012 0.013433
vt 0.431012 0.016870
vt 0.023534 0.437676
vt 0.026971 0.437676
vt 0.023534 0.441113
vt 0.134645 0.437676
vt 0.138082 0.437676
vt 0.134645 0.441113
vt 0.235656 0.437676
vt 0.239092 0.437676
vt 0.235656 0.441113
vt 0.269395 0.437676
vt 0.269395 0.441113
vt 0.265959 0.441113
vt 0.437676 0.127981
vt 0.437676 0.124544
vt 0.441113 0.127981
vt 0.437676 0.279496
vt 0.437676 0.276060
vt 0.441113 0.279496
vt 0.437676 0.437676
vt 0.441113 0.437676
vt 0.441113 0.441113
vt 0.195251 0.447777
vt 0.198688 0.449238
vt 0.195251 0.451214
vt 0.206025 0.447777
vt 0.208789 0.451214
vt 0.205353 0.451214
vt 0.431012 0.447777
vt 0.431012 0.451214
vt 0.427575 0.451214
vt 0.447777 0.097678
vt 0.451213 0.094241
vt 0.451214 0.097678
vt 0.447777 0.228672
vt 0.451214 0.225555
vt 0.451214 0.228991
vt 0.447777 0.326679
vt 0.451214 0.326565
vt 0.451214 0.330001
vt 0.084140 0.461315
vt 0.084886 0.457878
vt 0.087577 0.461315
vt 0.097678 0.457878
vt 0.097678 0.461315
vt 0.094241 0.461315
vt 0.366969 0.457878
vt 0.370405 0.457878
vt 0.366969 0.461315
vt 0.461315 0.350203
vt 0.457878 0.350203
vt 0.461315 0.346767
vt 0.457878 0.379800
vt 0.461315 0.377070
vt 0.461315 0.380506
vt 0.186111 0.467979
vt 0.188587 0.471416
vt 0.185150 0.471416
vt 0.235656 0.467979
vt 0.239092 0.471420
vt 0.235656 0.471416
vt 0.306694 0.467979
vt 0.309799 0.471416
vt 0.306363 0.471416
vt 0.448380 0.467979
vt 0.451214 0.471416
vt 0.447777 0.471416
vt 0.467979 0.067375
vt 0.467979 0.063938
vt 0.471416 0.067375
vt 0.467979 0.316464
vt 0.471416 0.316464
vt 0.471416 0.319900
vt 0.316464 0.481517
vt 0.316464 0.478080
vt 0.319900 0.481517
vt 0.417474 0.478080
vt 0.420911 0.478080
vt 0.417474 0.481517
vt 0.478080 0.124544
vt 0.481517 0.124544
vt 0.481517 0.127981
vt 0.478080 0.269395
vt 0.478080 0.265959
vt 0.481517 0.269395
vt 0.175049 0.488181
vt 0.178486 0.488181
vt 0.175049 0.491618
vt 0.337918 0.488181
vt 0.340102 0.491618
vt 0.336666 0.491618
vt 0.387171 0.491618
vt 0.388287 0.488181
vt 0.390608 0.491618
vt 0.488181 0.016198
vt 0.491618 0.013433
vt 0.491618 0.016870
vt 0.488181 0.067375
vt 0.489642 0.063938
vt 0.491618 0.067375
vt 0.488181 0.249193
vt 0.491619 0.245757
vt 0.491618 0.249193
vt 0.488181 0.258964
vt 0.491618 0.255858
vt 0.491618 0.259294
vt 0.488181 0.431012
vt 0.488181 0.427575
vt 0.491618 0.431012
vt 0.488181 0.437676
vt 0.491618 0.437676
vt 0.491618 0.441113
vt 0.144746 0.498282
vt 0.148183 0.498282
vt 0.144746 0.501719
vt 0.279496 0.498282
vt 0.279496 0.501719
vt 0.276060 0.501719
vt 0.370405 0.498282
vt 0.370405 0.501719
vt 0.366969 0.501719
vt 0.481517 0.498282
vt 0.481517 0.501719
vt 0.478080 0.501719
vt 0.498282 0.164948
vt 0.501719 0.164948
vt 0.501719 0.168385
vt 0.498282 0.188587
vt 0.498282 0.185150
vt 0.501719 0.188587
vt 0.498282 0.397269
vt 0.501719 0.397272
vt 0.501719 0.400709
vt 0.175784 0.508383
vt 0.178486 0.511820
vt 0.175049 0.511820
vt 0.195251 0.508383
vt 0.198688 0.508383
vt 0.195251 0.511820
vt 0.377070 0.508383
vt 0.380506 0.508383
vt 0.377070 0.511820
vt 0.437676 0.508383
vt 0.441113 0.508426
vt 0.437676 0.511820
vt 0.508383 0.006769
vt 0.508383 0.003332
vt 0.511820 0.006769
vt 0.431012 0.518484
vt 0.431012 0.521921
vt 0.427575 0.521921
vt 0.518484 0.178486
vt 0.518484 0.175049
vt 0.521921 0.178486
vt 0.521921 0.350203
vt 0.518484 0.348244
vt 0.521921 0.346767
vt 0.518484 0.437676
vt 0.521921 0.437676
vt 0.521921 0.441113
vt 0.087577 0.528585
vt 0.087577 0.532022
vt 0.084140 0.532022
vt 0.195251 0.532022
vt 0.196367 0.528585
vt 0.198688 0.532022
vt 0.356868 0.528585
vt 0.360304 0.528585
vt 0.356868 0.532022
vt 0.428590 0.528585
vt 0.431012 0.532022
vt 0.427575 0.532022
vt 0.508814 0.528585
vt 0.511820 0.532022
vt 0.508383 0.532022
vt 0.528585 0.138082
vt 0.528585 0.134645
vt 0.532022 0.138082
vt 0.532022 0.239092
vt 0.528585 0.239092
vt 0.532022 0.235656
vt 0.528585 0.447777
vt 0.532022 0.447777
vt 0.532022 0.451214
vt 0.016732 0.538686
vt 0.016870 0.542123
vt 0.013433 0.542123
vt 0.158283 0.538686
vt 0.158284 0.542123
vt 0.154847 0.542123
vt 0.185150 0.542123
vt 0.185150 0.538686
vt 0.188587 0.542123
vt 0.538686 0.164948
vt 0.542123 0.164948
vt 0.542123 0.168385
vt 0.538686 0.330001
vt 0.540431 0.326565
vt 0.542123 0.330001
vt 0.538686 0.400709
vt 0.538686 0.397272
vt 0.542123 0.400709
vt 0.087627 0.548787
vt 0.087577 0.552224
vt 0.084140 0.552224
vt 0.107779 0.548787
vt 0.107779 0.552224
vt 0.104342 0.552224
vt 0.279496 0.548787
vt 0.279496 0.552224
vt 0.276060 0.552224
vt 0.366969 0.548787
vt 0.370405 0.548787
vt 0.366969 0.552224
vt 0.458583 0.548787
vt 0.461315 0.552224
vt 0.457878 0.552224
vt 0.548787 0.154847
vt 0.552224 0.154847
vt 0.552224 0.158284
vt 0.548787 0.319328
vt 0.552224 0.316464
vt 0.552224 0.319900
vt 0.084140 0.558888
vt 0.087577 0.558888
vt 0.084140 0.562325
vt 0.185829 0.558888
vt 0.188587 0.562325
vt 0.185150 0.562325
vt 0.299584 0.558888
vt 0.299698 0.562325
vt 0.296262 0.562325
vt 0.330001 0.558888
vt 0.330001 0.562325
vt 0.326565 0.562325
vt 0.558888 0.037072
vt 0.562324 0.033635
vt 0.562325 0.037072
vt 0.558888 0.134645
vt 0.562325 0.134645
vt 0.562325 0.138082
vt 0.558888 0.319930
vt 0.562325 0.316464
vt 0.562325 0.319900
vt 0.558888 0.356868
vt 0.562325 0.356868
vt 0.562325 0.360304
vt 0.558888 0.471416
vt 0.562324 0.467979
vt 0.562325 0.471416
vt 0.084140 0.568989
vt 0.087577 0.568989
vt 0.084140 0.572426
vt 0.117880 0.568989
vt 0.117880 0.572426
vt 0.114443 0.572426
vt 0.318070 0.568989
vt 0.319900 0.572426
vt 0.316464 0.572426
vt 0.568989 0.124544
vt 0.572426 0.124544
vt 0.572426 0.127981
vt 0.568989 0.380506
vt 0.572300 0.377070
vt 0.572426 0.380506
vt 0.568989 0.501194
vt 0.572426 0.498282
vt 0.572426 0.501719
vt 0.265959 0.579090
vt 0.269395 0.580835
vt 0.265959 0.582527
vt 0.276060 0.579090
vt 0.279496 0.579090
vt 0.276060 0.582527
vt 0.579090 0.003332
vt 0.582527 0.003332
vt 0.582527 0.006769
vt 0.579090 0.096717
vt 0.582527 0.094241
vt 0.582527 0.097678
vt 0.579090 0.279496
vt 0.579090 0.276060
vt 0.582527 0.279496
vt 0.579090 0.309094
vt 0.582527 0.306363
vt 0.582527 0.309799
vt 0.582527 0.420911
vt 0.579090 0.420911
vt 0.582527 0.417474
vt 0.579090 0.548787
vt 0.582527 0.548787
vt 0.582527 0.552224
vt 0.239092 0.589191
vt 0.239092 0.592628
vt 0.235656 0.592628
vt 0.255858 0.589191
vt 0.259294 0.589191
vt 0.255858 0.592628
vt 0.447777 0.589191
vt 0.451214 0.589191
vt 0.447777 0.592628
vt 0.589191 0.258975
vt 0.592628 0.255858
vt 0.592628 0.259294
vt 0.589191 0.279496
vt 0.592629 0.276060
vt 0.592628 0.279496
vt 0.589191 0.470767
vt 0.592628 0.467979
vt 0.592628 0.471416
vt 0.097678 0.599292
vt 0.097678 0.602729
vt 0.094241 0.602729
vt 0.144746 0.599292
vt 0.148183 0.600753
vt 0.144746 0.602729
vt 0.326565 0.599292
vt 0.330001 0.602730
vt 0.326565 0.602729
vt 0.461315 0.599292
vt 0.461315 0.602728
vt 0.457878 0.602728
vt 0.508383 0.599292
vt 0.511820 0.599292
vt 0.508383 0.602728
vt 0.599292 0.097678
vt 0.599292 0.094241
vt 0.602729 0.097678
vt 0.599292 0.427575
vt 0.602729 0.427575
vt 0.602729 0.431012
vt 0.077476 0.609393
vt 0.077476 0.612830
vt 0.074039 0.612830
vt 0.296262 0.612830
vt 0.296262 0.609393
vt 0.299698 0.612830
vt 0.367516 0.609393
vt 0.370405 0.612830
vt 0.366969 0.612830
vt 0.468690 0.609393
vt 0.471416 0.612830
vt 0.467979 0.612830
vt 0.609393 0.006608
vt 0.612830 0.003332
vt 0.612830 0.006769
vt 0.609393 0.168259
vt 0.612830 0.164948
vt 0.612830 0.168385
vt 0.609393 0.279496
vt 0.609393 0.276060
vt 0.612830 0.279496
vt 0.609393 0.380000
vt 0.612830 0.377070
vt 0.612830 0.380506
vt 0.609393 0.457878
vt 0.612830 0.457878
vt 0.612830 0.461315
vt 0.164948 0.619494
vt 0.168385 0.619494
vt 0.164948 0.622931
vt 0.255858 0.622931
vt 0.257763 0.619494
vt 0.259294 0.622931
vt 0.387082 0.619494
vt 0.390608 0.622931
vt 0.387171 0.622931
vt 0.542123 0.619494
vt 0.542123 0.622930
vt 0.538686 0.622930
vt 0.568989 0.619494
vt 0.572426 0.619494
vt 0.568989 0.622930
vt 0.619494 0.420869
vt 0.622931 0.417474
vt 0.622931 0.420911
vt 0.013433 0.629595
vt 0.016870 0.629595
vt 0.013433 0.633031
vt 0.057274 0.629595
vt 0.057274 0.633031
vt 0.053837 0.633031
vt 0.216103 0.629595
vt 0.218890 0.633031
vt 0.215454 0.633031
vt 0.447777 0.629595
vt 0.451214 0.633032
vt 0.447777 0.633031
vt 0.458197 0.629595
vt 0.461315 0.633031
vt 0.457878 0.633031
vt 0.629595 0.117880
vt 0.629595 0.114443
vt 0.633032 0.117880
vt 0.633032 0.158284
vt 0.629595 0.158285
vt 0.633032 0.154847
vt 0.629595 0.592628
vt 0.629595 0.589191
vt 0.633032 0.592628
vt 0.084140 0.639696
vt 0.087577 0.643287
vt 0.084140 0.643133
vt 0.387171 0.639696
vt 0.390608 0.639696
vt 0.387171 0.643133
vt 0.592628 0.639696
vt 0.592628 0.643132
vt 0.589191 0.643132
vt 0.643133 0.198688
vt 0.639696 0.195251
vt 0.643133 0.195251
vt 0.043736 0.649797
vt 0.047173 0.649797
vt 0.043736 0.653233
vt 0.225555 0.649797
vt 0.228991 0.649797
vt 0.225555 0.653233
vt 0.508383 0.649797
vt 0.511820 0.653233
vt 0.508383 0.653233
vt 0.538686 0.649797
vt 0.542123 0.649797
vt 0.538686 0.653233
vt 0.653234 0.087577
vt 0.649797 0.087577
vt 0.653234 0.084140
vt 0.649797 0.380582
vt 0.653234 0.377070
vt 0.653234 0.380506
vt 0.649797 0.420479
vt 0.653234 0.417474
vt 0.653234 0.420911
vt 0.649797 0.651982
vt 0.653233 0.649797
vt 0.653233 0.653234
vt 0.104342 0.663334
vt 0.105458 0.659898
vt 0.107779 0.663334
vt 0.174946 0.659898
vt 0.178486 0.663334
vt 0.175049 0.663334
vt 0.377070 0.659898
vt 0.380506 0.659898
vt 0.377070 0.663334
vt 0.539216 0.659898
vt 0.542123 0.663334
vt 0.538686 0.663334
vt 0.659898 0.158284
vt 0.659898 0.154847
vt 0.663334 0.158284
vt 0.659898 0.286161
vt 0.663334 0.286161
vt 0.663334 0.289597
vt 0.659898 0.387264
vt 0.663335 0.387171
vt 0.663335 0.390608
vt 0.659898 0.471510
vt 0.663335 0.467979
vt 0.663335 0.471416
vt 0.659898 0.611112
vt 0.663334 0.609393
vt 0.663334 0.612830
vt 0.104342 0.673435
vt 0.104342 0.669999
vt 0.107779 0.673435
vt 0.265959 0.669999
vt 0.269395 0.671556
vt 0.265959 0.673435
vt 0.309799 0.669999
vt 0.309799 0.673435
vt 0.306363 0.673435
vt 0.491618 0.669999
vt 0.491618 0.673435
vt 0.488181 0.673435
vt 0.508383 0.669999
vt 0.511820 0.669999
vt 0.508383 0.673435
vt 0.669999 0.107618
vt 0.673436 0.104342
vt 0.673436 0.107779
vt 0.669999 0.248482
vt 0.673436 0.245757
vt 0.673436 0.249193
vt 0.669999 0.319353
vt 0.673436 0.316464
vt 0.673436 0.319900
vt 0.669999 0.521233
vt 0.673436 0.518484
vt 0.673436 0.521921
vt 0.053837 0.680100
vt 0.057274 0.680100
vt 0.053837 0.683536
vt 0.225555 0.680100
vt 0.228991 0.680100
vt 0.225555 0.683536
vt 0.330001 0.680100
vt 0.330001 0.683536
vt 0.326565 0.683536
vt 0.447777 0.680100
vt 0.451214 0.680100
vt 0.447777 0.683536
vt 0.680100 0.035354
vt 0.683536 0.033635
vt 0.683536 0.037072
vt 0.680100 0.258964
vt 0.683536 0.255858
vt 0.683536 0.259294
vt 0.680100 0.279496
vt 0.683537 0.276060
vt 0.683536 0.279496
vt 0.680100 0.461315
vt 0.681561 0.457878
vt 0.683537 0.461315
vt 0.680100 0.498282
vt 0.683537 0.498282
vt 0.683537 0.501719
vt 0.680100 0.592628
vt 0.681818 0.589191
vt 0.683537 0.592628
vt 0.680100 0.621212
vt 0.683536 0.619494
vt 0.683536 0.622931
vt 0.003332 0.693637
vt 0.006769 0.690201
vt 0.006769 0.693637
vt 0.013433 0.693637
vt 0.015151 0.690201
vt 0.016870 0.693637
vt 0.025252 0.690201
vt 0.026971 0.693637
vt 0.023534 0.693637
vt 0.074039 0.693637
vt 0.075758 0.690201
vt 0.077476 0.693637
vt 0.084140 0.693637
vt 0.087577 0.690201
vt 0.087577 0.693637
vt 0.286161 0.693637
vt 0.287879 0.690201
vt 0.289597 0.693637
vt 0.346767 0.693637
vt 0.346767 0.690201
vt 0.350203 0.693637
vt 0.366969 0.693637
vt 0.370405 0.690201
vt 0.370405 0.693637
vt 0.467979 0.693637
vt 0.471416 0.690201
vt 0.471416 0.693637
vt 0.528585 0.693637
vt 0.528585 0.690201
vt 0.532022 0.693637
vt 0.538686 0.693637
vt 0.542123 0.690201
vt 0.542123 0.693637
vt 0.629595 0.693637
vt 0.631313 0.690201
vt 0.633031 0.693637
vt 0.693637 0.138082
vt 0.690201 0.138082
vt 0.693637 0.134645
vt 0.693637 0.158284
vt 0.690201 0.156565
vt 0.693637 0.154847
vt 0.690201 0.178486
vt 0.690201 0.175049
vt 0.693637 0.178486
vt 0.693637 0.208789
vt 0.690201 0.207071
vt 0.693637 0.205353
vt 0.693637 0.239092
vt 0.690201 0.237374
vt 0.693637 0.235656
vt 0.693637 0.279496
vt 0.690201 0.277778
vt 0.693637 0.276060
vt 0.693637 0.330001
vt 0.690201 0.328283
vt 0.693637 0.326565
vt 0.690201 0.348485
vt 0.693637 0.346767
vt 0.693637 0.350203
vt 0.693637 0.390607
vt 0.690201 0.388889
vt 0.693637 0.387171
vt 0.693637 0.420911
vt 0.690201 0.417474
vt 0.693637 0.417474
vt 0.693637 0.481517
vt 0.690201 0.479798
vt 0.693637 0.478080
vt 0.693637 0.521921
vt 0.690201 0.518484
vt 0.693637 0.518484
vt 0.690201 0.592426
vt 0.693637 0.589191
vt 0.693637 0.592628
vt 0.690201 0.641415
vt 0.693637 0.639696
vt 0.693637 0.643133
vt 0.693637 0.663335
vt 0.690201 0.659898
vt 0.693637 0.659898
vt 0.693637 0.673436
vt 0.690201 0.671718
vt 0.693637 0.669999
vt 0.690201 0.683537
vt 0.691919 0.680100
vt 0.693637 0.683537
vt 0.074241 0.700302
vt 0.077476 0.703738
vt 0.074039 0.703738
vt 0.094443 0.700302
vt 0.097678 0.703738
vt 0.094241 0.703738
vt 0.195853 0.700302
vt 0.198688 0.703738
vt 0.195251 0.703738
vt 0.255858 0.703738
vt 0.257576 0.700302
vt 0.259294 0.703738
vt 0.397272 0.703738
vt 0.398991 0.700302
vt 0.400709 0.703738
vt 0.703738 0.006769
vt 0.700302 0.005050
vt 0.703738 0.003332
vt 0.703738 0.107779
vt 0.700302 0.106061
vt 0.703738 0.104342
vt 0.703739 0.249193
vt 0.700302 0.247475
vt 0.703739 0.245757
vt 0.703739 0.289597
vt 0.700302 0.287879
vt 0.703739 0.286161
vt 0.703739 0.592628
vt 0.700302 0.590909
vt 0.703739 0.589191
vt 0.023534 0.713839
vt 0.025253 0.710403
vt 0.026971 0.713839
vt 0.377070 0.713839
vt 0.378788 0.710403
vt 0.380506 0.713839
vt 0.528585 0.713839
vt 0.532022 0.710403
vt 0.532022 0.713839
vt 0.680100 0.713840
vt 0.683536 0.710403
vt 0.683536 0.713839
vt 0.713839 0.037072
vt 0.710403 0.035354
vt 0.713839 0.033635
vt 0.713839 0.410810
vt 0.710403 0.409092
vt 0.713839 0.407373
vt 0.710403 0.703739
vt 0.712121 0.700302
vt 0.713839 0.703739
vt 0.286161 0.723940
vt 0.289597 0.720504
vt 0.289597 0.723940
vt 0.346767 0.723945
vt 0.350203 0.720504
vt 0.350203 0.723940
vt 0.568989 0.723940
vt 0.570707 0.720504
vt 0.572426 0.723940
vt 0.720504 0.309799
vt 0.722222 0.306363
vt 0.723940 0.309799
vt 0.723940 0.723940
vt 0.720504 0.722222
vt 0.723940 0.720504
vt 0.013433 0.734041
vt 0.015151 0.730605
vt 0.016870 0.734041
vt 0.215454 0.734041
vt 0.217172 0.730605
vt 0.218890 0.734041
vt 0.235656 0.734041
vt 0.239092 0.730605
vt 0.239092 0.734041
vt 0.356868 0.734042
vt 0.360304 0.730605
vt 0.360304 0.734041
vt 0.498282 0.734041
vt 0.500000 0.730605
vt 0.501719 0.734041
vt 0.599292 0.734041
vt 0.601010 0.730605
vt 0.602728 0.734041
vt 0.700302 0.734041
vt 0.702020 0.730605
vt 0.703738 0.734041
vt 0.734041 0.087577
vt 0.730605 0.085859
vt 0.734041 0.084140
vt 0.734041 0.289597
vt 0.730605 0.287879
vt 0.734041 0.286161
vt 0.734041 0.309799
vt 0.730605 0.308081
vt 0.734041 0.306363
vt 0.734041 0.360304
vt 0.730605 0.358586
vt 0.734041 0.356868
vt 0.734042 0.542123
vt 0.730605 0.540404
vt 0.734042 0.538686
vt 0.104342 0.744142
vt 0.106061 0.740706
vt 0.107779 0.744142
vt 0.134645 0.740706
vt 0.138082 0.742424
vt 0.134645 0.744142
vt 0.286161 0.744142
vt 0.287879 0.740706
vt 0.289597 0.744142
vt 0.508383 0.740706
vt 0.511820 0.742424
vt 0.508383 0.744142
vt 0.548787 0.744142
vt 0.550506 0.740706
vt 0.552224 0.744142
vt 0.579090 0.742225
vt 0.582527 0.740706
vt 0.582527 0.744142
vt 0.744142 0.097678
vt 0.740706 0.095959
vt 0.744142 0.094241
vt 0.744142 0.309799
vt 0.740706 0.308081
vt 0.744142 0.306363
vt 0.740706 0.521921
vt 0.742424 0.518484
vt 0.744142 0.521921
vt 0.744142 0.582527
vt 0.740706 0.580809
vt 0.744142 0.579090
vt 0.744142 0.703739
vt 0.740706 0.702021
vt 0.744142 0.700302
vt 0.013433 0.754243
vt 0.015151 0.750807
vt 0.016870 0.754243
vt 0.225555 0.754243
vt 0.227273 0.750807
vt 0.228991 0.754243
vt 0.550505 0.750807
vt 0.552224 0.754243
vt 0.548787 0.754243
vt 0.754243 0.087577
vt 0.750807 0.085858
vt 0.754243 0.084140
vt 0.754243 0.239092
vt 0.750807 0.237374
vt 0.754243 0.235656
vt 0.754243 0.360304
vt 0.750807 0.358586
vt 0.754243 0.356868
vt 0.023534 0.764344
vt 0.026971 0.760908
vt 0.026971 0.764344
vt 0.074039 0.764344
vt 0.075757 0.760908
vt 0.077476 0.764344
vt 0.336666 0.764344
vt 0.338384 0.760908
vt 0.340102 0.764344
vt 0.498282 0.764344
vt 0.500000 0.760908
vt 0.501719 0.764344
vt 0.518484 0.764344
vt 0.520203 0.760908
vt 0.521921 0.764344
vt 0.760908 0.461315
vt 0.762626 0.457878
vt 0.764344 0.461315
vt 0.764344 0.663335
vt 0.760908 0.661617
vt 0.764344 0.659898
vt 0.764344 0.683537
vt 0.760908 0.681818
vt 0.764344 0.680100
vt 0.217172 0.771009
vt 0.218890 0.774445
vt 0.215454 0.774445
vt 0.407373 0.774445
vt 0.409092 0.771009
vt 0.410810 0.774445
vt 0.427575 0.774445
vt 0.429294 0.771009
vt 0.431012 0.774445
vt 0.548787 0.772822
vt 0.552224 0.771009
vt 0.552224 0.774445
vt 0.690201 0.774445
vt 0.691919 0.771009
vt 0.693637 0.774445
vt 0.772755 0.087577
vt 0.771009 0.084140
vt 0.774445 0.084140
vt 0.774445 0.390607
vt 0.771009 0.388889
vt 0.774445 0.387171
vt 0.774445 0.683537
vt 0.771009 0.681818
vt 0.774445 0.680100
vt 0.124544 0.781110
vt 0.127981 0.782828
vt 0.124544 0.784546
vt 0.185150 0.784546
vt 0.186868 0.781110
vt 0.188587 0.784546
vt 0.276060 0.781110
vt 0.279496 0.782828
vt 0.276060 0.784546
vt 0.316464 0.784546
vt 0.318182 0.781110
vt 0.319900 0.784546
vt 0.669999 0.784546
vt 0.671717 0.781110
vt 0.673435 0.784546
vt 0.720504 0.784546
vt 0.722222 0.781110
vt 0.723940 0.784546
vt 0.771009 0.784546
vt 0.772727 0.781110
vt 0.774445 0.784546
vt 0.781110 0.138082
vt 0.782828 0.134645
vt 0.784546 0.138082
vt 0.781110 0.611112
vt 0.784546 0.609393
vt 0.784546 0.612830
vt 0.649797 0.794647
vt 0.653233 0.791211
vt 0.653233 0.794647
vt 0.794647 0.057274
vt 0.791211 0.055556
vt 0.794647 0.053837
vt 0.794647 0.208789
vt 0.791211 0.207071
vt 0.794647 0.205353
vt 0.794647 0.360304
vt 0.791211 0.358586
vt 0.794647 0.356868
vt 0.791211 0.621212
vt 0.794647 0.619494
vt 0.794647 0.622931
vt 0.794647 0.723940
vt 0.791211 0.722222
vt 0.794647 0.720504
vt 0.074039 0.804748
vt 0.075758 0.801312
vt 0.077476 0.804748
vt 0.164948 0.804748
vt 0.166667 0.801312
vt 0.168385 0.804748
vt 0.255858 0.801312
vt 0.259294 0.803030
vt 0.255858 0.804748
vt 0.276060 0.804748
vt 0.279496 0.801312
vt 0.279496 0.804748
vt 0.366969 0.804748
vt 0.370405 0.801312
vt 0.370405 0.804748
vt 0.772727 0.801312
vt 0.774445 0.804748
vt 0.771009 0.804748
vt 0.804748 0.037072
vt 0.801312 0.035354
vt 0.804748 0.033635
vt 0.804748 0.158284
vt 0.801312 0.156565
vt 0.804748 0.154847
vt 0.804748 0.461315
vt 0.801312 0.459597
vt 0.804748 0.457878
vt 0.801312 0.471416
vt 0.803030 0.467979
vt 0.804748 0.471416
vt 0.804748 0.511820
vt 0.801312 0.508383
vt 0.804748 0.508383
vt 0.804748 0.542123
vt 0.801312 0.538686
vt 0.804748 0.538686
vt 0.801312 0.580809
vt 0.804748 0.579090
vt 0.804748 0.582527
vt 0.801312 0.602729
vt 0.803030 0.599292
vt 0.804748 0.602729
vt 0.801312 0.691919
vt 0.804748 0.690201
vt 0.804748 0.693637
vt 0.804748 0.713839
vt 0.801312 0.710403
vt 0.804748 0.710403
vt 0.801312 0.752525
vt 0.804748 0.750807
vt 0.804748 0.754243
vt 0.801312 0.782828
vt 0.804748 0.781110
vt 0.804748 0.784546
vt 0.055556 0.811413
vt 0.057274 0.814849
vt 0.053837 0.814849
vt 0.094241 0.814849
vt 0.097678 0.811413
vt 0.097678 0.814849
vt 0.104342 0.814849
vt 0.106061 0.811413
vt 0.107779 0.814849
vt 0.185150 0.811413
vt 0.188587 0.813131
vt 0.185150 0.814849
vt 0.235656 0.811413
vt 0.239092 0.813204
vt 0.235656 0.814849
vt 0.245757 0.814849
vt 0.245757 0.811413
vt 0.249193 0.814849
vt 0.265959 0.814849
vt 0.269395 0.811413
vt 0.269395 0.814849
vt 0.437676 0.814849
vt 0.441113 0.811413
vt 0.441113 0.814849
vt 0.478080 0.811413
vt 0.481517 0.813560
vt 0.478080 0.814849
vt 0.488181 0.814849
vt 0.491618 0.811413
vt 0.491618 0.814849
vt 0.548787 0.811413
vt 0.552224 0.813131
vt 0.548787 0.814849
vt 0.639696 0.811413
vt 0.643133 0.813131
vt 0.639696 0.814849
vt 0.659898 0.811413
vt 0.663334 0.813131
vt 0.659898 0.814849
vt 0.680100 0.814849
vt 0.681818 0.811413
vt 0.683536 0.814849
vt 0.760908 0.814849
vt 0.760908 0.811413
vt 0.764344 0.814849
vt 0.801312 0.811413
vt 0.804748 0.813131
vt 0.801312 0.814849
vt 0.814849 0.380506
vt 0.811413 0.377070
vt 0.814849 0.377070
vt 0.245757 0.824950
vt 0.247475 0.821514
vt 0.249193 0.824950
vt 0.397272 0.824950
vt 0.398991 0.821514
vt 0.400709 0.824950
vt 0.824950 0.006769
vt 0.821514 0.005051
vt 0.824950 0.003332
vt 0.336666 0.835051
vt 0.338384 0.831615
vt 0.340102 0.835051
vt 0.835051 0.228991
vt 0.831615 0.227273
vt 0.835051 0.225555
vt 0.831615 0.419039
vt 0.835051 0.417474
vt 0.835051 0.420911
vt 0.831615 0.469698
vt 0.835051 0.467979
vt 0.835051 0.471416
vt 0.835051 0.683537
vt 0.831615 0.683537
vt 0.835051 0.680100
vt 0.831615 0.824950
vt 0.833333 0.821514
vt 0.835051 0.824950
vt 0.063938 0.841716
vt 0.067375 0.843434
vt 0.063938 0.845152
vt 0.094241 0.845152
vt 0.094241 0.841716
vt 0.097678 0.845152
vt 0.185150 0.841716
vt 0.188587 0.843434
vt 0.185150 0.845152
vt 0.195251 0.845152
vt 0.198688 0.841716
vt 0.198688 0.845152
vt 0.306363 0.841716
vt 0.309799 0.843434
vt 0.306363 0.845152
vt 0.326565 0.845152
vt 0.326565 0.841716
vt 0.330001 0.845152
vt 0.427575 0.845152
vt 0.427575 0.841716
vt 0.431012 0.845152
vt 0.447777 0.841716
vt 0.451214 0.843434
vt 0.447777 0.845152
vt 0.508383 0.841716
vt 0.511820 0.843434
vt 0.508383 0.845152
vt 0.609393 0.845152
vt 0.609393 0.841716
vt 0.612830 0.845152
vt 0.845152 0.521921
vt 0.841716 0.520203
vt 0.845152 0.518484
vt 0.356868 0.852785
vt 0.360304 0.851817
vt 0.360304 0.855253
vt 0.855253 0.077476
vt 0.851817 0.077476
vt 0.855253 0.074039
vt 0.855253 0.319900
vt 0.851817 0.318182
vt 0.855253 0.316464
vt 0.855253 0.542123
vt 0.851817 0.542123
vt 0.855253 0.538686
vt 0.094241 0.863707
vt 0.097678 0.861918
vt 0.097678 0.865354
vt 0.135107 0.861918
vt 0.138082 0.865354
vt 0.134645 0.865354
vt 0.215454 0.865354
vt 0.215454 0.861918
vt 0.218890 0.865354
vt 0.457878 0.865354
vt 0.461315 0.861918
vt 0.461315 0.865354
vt 0.579090 0.865354
vt 0.579090 0.861918
vt 0.582527 0.865354
vt 0.861918 0.319900
vt 0.863636 0.316464
vt 0.865354 0.319900
vt 0.861918 0.420911
vt 0.863636 0.417474
vt 0.865354 0.420911
vt 0.865354 0.441113
vt 0.861918 0.437676
vt 0.865354 0.437676
vt 0.861918 0.449495
vt 0.865354 0.447777
vt 0.865354 0.451214
vt 0.861918 0.572426
vt 0.863636 0.568989
vt 0.865354 0.572426
vt 0.865354 0.582527
vt 0.861918 0.582527
vt 0.865354 0.579090
vt 0.865354 0.713839
vt 0.861918 0.713839
vt 0.865354 0.710403
vt 0.865354 0.845152
vt 0.861918 0.841716
vt 0.865354 0.841716
vt 0.023534 0.872019
vt 0.026971 0.873737
vt 0.023534 0.875455
vt 0.043736 0.875455
vt 0.045455 0.872019
vt 0.047173 0.875455
vt 0.134645 0.875455
vt 0.134645 0.872019
vt 0.138082 0.875455
vt 0.227273 0.872019
vt 0.228991 0.875455
vt 0.225555 0.875455
vt 0.235656 0.875455
vt 0.235656 0.872019
vt 0.239092 0.875455
vt 0.265959 0.875455
vt 0.267677 0.872019
vt 0.269395 0.875455
vt 0.316464 0.872019
vt 0.319900 0.873737
vt 0.316464 0.875455
vt 0.336666 0.875455
vt 0.338384 0.872019
vt 0.340102 0.875455
vt 0.407373 0.872019
vt 0.410810 0.872019
vt 0.407373 0.875455
vt 0.611111 0.872019
vt 0.612830 0.875455
vt 0.609393 0.875455
vt 0.875455 0.158284
vt 0.872019 0.156565
vt 0.875455 0.154847
vt 0.875455 0.400708
vt 0.872019 0.400708
vt 0.875455 0.397272
vt 0.872019 0.530303
vt 0.875455 0.528585
vt 0.875455 0.532022
vt 0.875455 0.784546
vt 0.872019 0.784546
vt 0.875455 0.781110
vt 0.417474 0.885556
vt 0.417474 0.882120
vt 0.420911 0.885556
vt 0.720504 0.882120
vt 0.723940 0.882120
vt 0.720504 0.885556
vt 0.885556 0.249193
vt 0.882120 0.249193
vt 0.885556 0.245757
vt 0.885556 0.420911
vt 0.882120 0.420911
vt 0.885556 0.417474
vt 0.885556 0.521921
vt 0.882120 0.518484
vt 0.885556 0.518484
vt 0.885556 0.794647
vt 0.882120 0.792929
vt 0.885556 0.791211
vt 0.026971 0.175049
vt 0.026971 0.178486
vt 0.023534 0.178486
vt 0.023534 0.175049
vt 0.467979 0.895649
vt 0.471416 0.892221
vt 0.471416 0.895657
vt 0.488181 0.895657
vt 0.489899 0.892221
vt 0.491618 0.895657
vt 0.771009 0.895657
vt 0.771009 0.892221
vt 0.774445 0.895657
vt 0.892221 0.035354
vt 0.895657 0.033635
vt 0.895657 0.037072
vt 0.892221 0.249193
vt 0.893939 0.245757
vt 0.895657 0.249193
vt 0.895657 0.279496
vt 0.892221 0.279496
vt 0.895657 0.276060
vt 0.895657 0.673436
vt 0.892221 0.673436
vt 0.895657 0.669999
vt 0.084140 0.905755
vt 0.087577 0.902322
vt 0.087577 0.905758
vt 0.114443 0.905758
vt 0.115380 0.902322
vt 0.117880 0.905758
vt 0.377070 0.902322
vt 0.380506 0.902322
vt 0.377070 0.905758
vt 0.669999 0.905758
vt 0.669999 0.902322
vt 0.673435 0.905758
vt 0.902322 0.144746
vt 0.905758 0.144746
vt 0.905758 0.148183
vt 0.905758 0.370405
vt 0.902322 0.368687
vt 0.905758 0.366969
vt 0.905762 0.643133
vt 0.902322 0.639696
vt 0.905759 0.639696
vt 0.905764 0.723940
vt 0.902322 0.720504
vt 0.905759 0.720504
vt 0.447777 0.915859
vt 0.447777 0.912423
vt 0.451214 0.915859
vt 0.609393 0.915859
vt 0.609393 0.912423
vt 0.612830 0.915859
vt 0.912423 0.035354
vt 0.915859 0.033635
vt 0.915859 0.037072
vt 0.915859 0.057274
vt 0.912423 0.053837
vt 0.915859 0.053837
vt 0.915862 0.491618
vt 0.912423 0.488181
vt 0.915860 0.488181
vt 0.912423 0.602729
vt 0.914269 0.599292
vt 0.915860 0.602729
vt 0.915860 0.734041
vt 0.912423 0.734041
vt 0.915860 0.730605
vt 0.447777 0.922524
vt 0.451214 0.924242
vt 0.447777 0.925960
vt 0.760908 0.925960
vt 0.760906 0.922524
vt 0.764344 0.925960
vt 0.925961 0.663334
vt 0.922524 0.663331
vt 0.925961 0.659898
vt 0.289597 0.932625
vt 0.289597 0.936062
vt 0.286161 0.936062
vt 0.562325 0.932625
vt 0.562325 0.936062
vt 0.558888 0.936062
vt 0.932625 0.370405
vt 0.934343 0.366969
vt 0.936062 0.370405
vt 0.936062 0.410810
vt 0.932625 0.409092
vt 0.936062 0.407373
vt 0.932625 0.579090
vt 0.936062 0.579090
vt 0.936062 0.582527
vt 0.043736 0.946163
vt 0.043736 0.942726
vt 0.047173 0.946163
vt 0.094241 0.942726
vt 0.097678 0.944445
vt 0.094241 0.946163
vt 0.946163 0.047173
vt 0.942726 0.045454
vt 0.946163 0.043736
vt 0.942726 0.328283
vt 0.946163 0.326565
vt 0.946163 0.330001
vt 0.946166 0.764344
vt 0.942726 0.760908
vt 0.946163 0.760908
vt 0.225555 0.956264
vt 0.228991 0.952827
vt 0.228991 0.956264
vt 0.538686 0.956267
vt 0.542123 0.952827
vt 0.542123 0.956264
vt 0.710403 0.956264
vt 0.711976 0.952827
vt 0.713839 0.956264
vt 0.956264 0.713839
vt 0.952827 0.712121
vt 0.956264 0.710403
vt 0.952827 0.742424
vt 0.956264 0.740706
vt 0.956264 0.744142
vt 0.055556 0.962928
vt 0.057274 0.966365
vt 0.053837 0.966365
vt 0.164948 0.963948
vt 0.168385 0.962928
vt 0.168385 0.966365
vt 0.883838 0.962928
vt 0.885556 0.966365
vt 0.882120 0.966365
vt 0.962928 0.047173
vt 0.962928 0.043736
vt 0.966365 0.047173
vt 0.964508 0.259294
vt 0.962928 0.255858
vt 0.966365 0.255858
vt 0.966365 0.269395
vt 0.962928 0.267677
vt 0.966365 0.265959
vt 0.114443 0.976466
vt 0.114443 0.973029
vt 0.117880 0.976466
vt 0.185150 0.976466
vt 0.186869 0.973029
vt 0.188587 0.976466
vt 0.235656 0.973029
vt 0.239092 0.974748
vt 0.235656 0.976466
vt 0.538686 0.976466
vt 0.540404 0.973029
vt 0.542123 0.976466
vt 0.973029 0.026971
vt 0.974748 0.023534
vt 0.976466 0.026971
vt 0.973029 0.653234
vt 0.974748 0.649797
vt 0.976466 0.653234
vt 0.973029 0.702020
vt 0.976466 0.700302
vt 0.976466 0.703738
vt 0.750807 0.983130
vt 0.754243 0.984849
vt 0.750807 0.986567
vt 0.872019 0.983130
vt 0.875455 0.984848
vt 0.872019 0.986567
vt 0.986567 0.127981
vt 0.983130 0.125854
vt 0.986567 0.124544
vt 0.986567 0.148183
vt 0.983130 0.148184
vt 0.986567 0.144746
vt 0.003332 0.996668
vt 0.005050 0.993231
vt 0.006769 0.996668
vt 0.084140 0.993231
vt 0.087577 0.994949
vt 0.084140 0.996668
vt 0.781110 0.994912
vt 0.784546 0.993231
vt 0.784546 0.996668
vt 0.801312 0.993231
vt 0.804748 0.994950
vt 0.801312 0.996668
vt 0.026971 0.016870
vt 0.023534 0.016870
vt 0.025252 0.013433
vt 0.003332 0.037072
vt 0.003332 0.033635
vt 0.006769 0.035354
vt 0.013433 0.067375
vt 0.013433 0.063938
vt 0.016870 0.065657
vt 0.067375 0.037072
vt 0.063938 0.037072
vt 0.065656 0.033635
vt 0.117880 0.016870
vt 0.114443 0.016870
vt 0.116161 0.013433
vt 0.127981 0.026971
vt 0.124544 0.026971
vt 0.126263 0.023534
vt 0.127981 0.047173
vt 0.124544 0.047173
vt 0.126263 0.043736
vt 0.148183 0.097678
vt 0.144746 0.097678
vt 0.146464 0.094241
vt 0.148183 0.148183
vt 0.144746 0.148183
vt 0.146464 0.144746
vt 0.003332 0.158284
vt 0.003332 0.154847
vt 0.006769 0.156565
vt 0.168385 0.127981
vt 0.164948 0.127981
vt 0.166883 0.124544
vt 0.127981 0.400708
vt 0.124544 0.400708
vt 0.124544 0.397272
vt 0.127981 0.397272
vt 0.104342 0.178486
vt 0.104342 0.175049
vt 0.107779 0.176767
vt 0.114443 0.178486
vt 0.114443 0.175049
vt 0.117880 0.176767
vt 0.023534 0.188587
vt 0.023534 0.185150
vt 0.026971 0.186868
vt 0.115722 0.208789
vt 0.114443 0.205353
vt 0.117880 0.205353
vt 0.228991 0.006769
vt 0.225555 0.006769
vt 0.227273 0.003332
vt 0.249193 0.178486
vt 0.245757 0.178486
vt 0.247475 0.175049
vt 0.269395 0.057274
vt 0.265959 0.057274
vt 0.267677 0.053837
vt 0.269395 0.117880
vt 0.265959 0.117880
vt 0.267677 0.114443
vt 0.269395 0.239092
vt 0.265959 0.239092
vt 0.267677 0.235656
vt 0.279496 0.127981
vt 0.276060 0.127981
vt 0.279496 0.124544
vt 0.063938 0.289597
vt 0.063938 0.286161
vt 0.067375 0.287879
vt 0.245757 0.289597
vt 0.245757 0.286161
vt 0.249193 0.287879
vt 0.265959 0.289597
vt 0.265959 0.286161
vt 0.269395 0.287879
vt 0.289597 0.168385
vt 0.286161 0.168385
vt 0.287879 0.164948
vt 0.215454 0.299698
vt 0.215454 0.296262
vt 0.218890 0.297980
vt 0.043736 0.309799
vt 0.043736 0.306363
vt 0.047173 0.308081
vt 0.319900 0.287600
vt 0.316464 0.289597
vt 0.316464 0.286161
vt 0.134645 0.330001
vt 0.134645 0.326565
vt 0.138082 0.328283
vt 0.327843 0.340102
vt 0.326565 0.336666
vt 0.330001 0.336666
vt 0.340102 0.087577
vt 0.336666 0.087577
vt 0.338384 0.084140
vt 0.185148 0.360304
vt 0.185150 0.356868
vt 0.188587 0.356868
vt 0.235656 0.360304
vt 0.235656 0.356868
vt 0.239092 0.356867
vt 0.360304 0.269395
vt 0.356868 0.269395
vt 0.358586 0.265959
vt 0.235656 0.370405
vt 0.235656 0.366969
vt 0.239092 0.368687
vt 0.013433 0.380506
vt 0.013433 0.377070
vt 0.016870 0.377070
vt 0.380506 0.127981
vt 0.377070 0.127981
vt 0.378788 0.124544
vt 0.380506 0.309799
vt 0.377070 0.309799
vt 0.378788 0.306363
vt 0.074039 0.390608
vt 0.074039 0.387171
vt 0.077476 0.388889
vt 0.255858 0.390607
vt 0.255858 0.387171
vt 0.259294 0.388889
vt 0.390608 0.208789
vt 0.387171 0.208789
vt 0.388890 0.205353
vt 0.033635 0.400709
vt 0.033635 0.397272
vt 0.037072 0.397272
vt 0.397272 0.053837
vt 0.400709 0.053837
vt 0.400709 0.057274
vt 0.397272 0.057274
vt 0.225555 0.400708
vt 0.225555 0.397272
vt 0.228991 0.397272
vt 0.255858 0.400708
vt 0.255858 0.397272
vt 0.259294 0.398990
vt 0.296262 0.400708
vt 0.296262 0.397272
vt 0.299698 0.400708
vt 0.366969 0.400709
vt 0.370405 0.397272
vt 0.370405 0.400709
vt 0.461315 0.084140
vt 0.461315 0.087577
vt 0.457878 0.087577
vt 0.457878 0.084140
vt 0.400709 0.097678
vt 0.397272 0.097678
vt 0.397272 0.094241
vt 0.400709 0.198688
vt 0.397272 0.198688
vt 0.397272 0.195251
vt 0.420911 0.158284
vt 0.417474 0.154847
vt 0.420911 0.154847
vt 0.417474 0.360304
vt 0.417474 0.356868
vt 0.420911 0.360304
vt 0.094241 0.431015
vt 0.097678 0.427575
vt 0.097678 0.431012
vt 0.431012 0.138082
vt 0.427575 0.138082
vt 0.431012 0.134645
vt 0.427575 0.330001
vt 0.427575 0.326565
vt 0.431012 0.330001
vt 0.441113 0.208791
vt 0.437676 0.208789
vt 0.437676 0.205353
vt 0.013433 0.447777
vt 0.016870 0.447777
vt 0.013433 0.451214
vt 0.377070 0.461316
vt 0.380506 0.457878
vt 0.380506 0.461315
vt 0.148183 0.518484
vt 0.148183 0.521921
vt 0.144746 0.521921
vt 0.144746 0.518484
vt 0.114443 0.467979
vt 0.117880 0.467979
vt 0.114443 0.471416
vt 0.467979 0.279496
vt 0.467979 0.276060
vt 0.471416 0.279496
vt 0.013433 0.481517
vt 0.013433 0.478080
vt 0.016870 0.481517
vt 0.075757 0.481517
vt 0.074039 0.478080
vt 0.077476 0.478080
vt 0.205353 0.481516
vt 0.208789 0.478080
vt 0.208789 0.481517
vt 0.481517 0.026971
vt 0.478080 0.026971
vt 0.481216 0.023534
vt 0.478080 0.370405
vt 0.478080 0.366969
vt 0.481517 0.370405
vt 0.063938 0.488181
vt 0.067375 0.488181
vt 0.063938 0.491618
vt 0.501717 0.420911
vt 0.498282 0.417474
vt 0.501719 0.417474
vt 0.511820 0.228991
vt 0.508383 0.225555
vt 0.511820 0.225555
vt 0.511818 0.249193
vt 0.508383 0.245757
vt 0.511820 0.245757
vt 0.511820 0.410810
vt 0.508383 0.407373
vt 0.511820 0.407373
vt 0.511820 0.441113
vt 0.508383 0.441113
vt 0.511820 0.437676
vt 0.622931 0.175049
vt 0.622931 0.178486
vt 0.619494 0.178486
vt 0.619494 0.175049
vt 0.336666 0.518484
vt 0.340102 0.518484
vt 0.336666 0.521921
vt 0.521920 0.138082
vt 0.518484 0.134645
vt 0.521921 0.134645
vt 0.467979 0.538686
vt 0.471416 0.538686
vt 0.467979 0.542123
vt 0.542123 0.047173
vt 0.538686 0.047173
vt 0.542162 0.043736
vt 0.538686 0.218890
vt 0.538686 0.215454
vt 0.542123 0.218890
vt 0.552224 0.087577
vt 0.548787 0.087577
vt 0.552323 0.084140
vt 0.552225 0.400709
vt 0.548787 0.397272
vt 0.552224 0.397272
vt 0.552224 0.451214
vt 0.548787 0.451214
vt 0.552040 0.447777
vt 0.356868 0.568989
vt 0.360304 0.568989
vt 0.356868 0.572426
vt 0.478080 0.568989
vt 0.481517 0.568989
vt 0.478080 0.572426
vt 0.568989 0.208789
vt 0.568989 0.205353
vt 0.572426 0.208789
vt 0.572426 0.532022
vt 0.568989 0.532022
vt 0.572425 0.528585
vt 0.094241 0.579090
vt 0.097678 0.579090
vt 0.094241 0.582527
vt 0.417474 0.582527
vt 0.417474 0.579090
vt 0.420911 0.582527
vt 0.558888 0.582527
vt 0.558888 0.579090
vt 0.562325 0.582196
vt 0.053837 0.592628
vt 0.057274 0.589191
vt 0.057274 0.592628
vt 0.387171 0.592628
vt 0.390608 0.589191
vt 0.390608 0.592628
vt 0.589191 0.097678
vt 0.589191 0.094241
vt 0.592628 0.097678
vt 0.592628 0.521921
vt 0.589191 0.521921
vt 0.592959 0.518484
vt 0.602730 0.107779
vt 0.599292 0.104342
vt 0.602729 0.104342
vt 0.602729 0.299698
vt 0.599292 0.299698
vt 0.599292 0.296262
vt 0.599292 0.451214
vt 0.599292 0.447777
vt 0.602729 0.451214
vt 0.063938 0.609393
vt 0.067375 0.609393
vt 0.063938 0.612830
vt 0.003332 0.622931
vt 0.006769 0.619494
vt 0.006769 0.622931
vt 0.643133 0.306363
vt 0.643133 0.309799
vt 0.639696 0.309799
vt 0.639696 0.306363
vt 0.622931 0.390608
vt 0.619494 0.390608
vt 0.622931 0.387171
vt 0.245757 0.633031
vt 0.245757 0.629595
vt 0.249193 0.633362
vt 0.633032 0.410810
vt 0.629595 0.410810
vt 0.632848 0.407373
vt 0.633033 0.441113
vt 0.629595 0.437676
vt 0.633032 0.437676
vt 0.124544 0.643133
vt 0.127981 0.639696
vt 0.127981 0.643133
vt 0.407373 0.643131
vt 0.410810 0.639696
vt 0.410810 0.643133
vt 0.457878 0.639696
vt 0.461315 0.639696
vt 0.457878 0.643133
vt 0.643133 0.148184
vt 0.639696 0.148183
vt 0.639696 0.144746
vt 0.208789 0.690201
vt 0.208789 0.693637
vt 0.205353 0.693637
vt 0.205353 0.690201
vt 0.013433 0.653233
vt 0.013433 0.649797
vt 0.016870 0.653232
vt 0.205353 0.653232
vt 0.208789 0.649797
vt 0.208789 0.653233
vt 0.653234 0.077476
vt 0.649797 0.074039
vt 0.653234 0.074039
vt 0.659898 0.026971
vt 0.659898 0.023534
vt 0.663334 0.026971
vt 0.663335 0.562325
vt 0.659898 0.562325
vt 0.663335 0.558888
vt 0.669999 0.097678
vt 0.669999 0.094241
vt 0.673436 0.097678
vt 0.669999 0.663335
vt 0.669999 0.659898
vt 0.673435 0.663335
vt 0.619494 0.680100
vt 0.622930 0.680100
vt 0.619494 0.683536
vt 0.683536 0.602729
vt 0.680100 0.602729
vt 0.680100 0.599292
vt 0.690201 0.114443
vt 0.693637 0.114443
vt 0.693637 0.117880
vt 0.690201 0.117880
vt 0.397272 0.693637
vt 0.397272 0.690201
vt 0.400709 0.693637
vt 0.427575 0.693637
vt 0.427575 0.690201
vt 0.431012 0.690201
vt 0.488181 0.693637
vt 0.488181 0.690201
vt 0.491618 0.690201
vt 0.589191 0.693637
vt 0.589191 0.690201
vt 0.592628 0.691919
vt 0.619494 0.693637
vt 0.619494 0.690201
vt 0.622930 0.691919
vt 0.659898 0.690201
vt 0.663334 0.690201
vt 0.659898 0.693637
vt 0.693637 0.016870
vt 0.690201 0.016870
vt 0.691919 0.013433
vt 0.690201 0.067375
vt 0.690201 0.063938
vt 0.693637 0.067375
vt 0.690201 0.195251
vt 0.693637 0.195251
vt 0.693637 0.198688
vt 0.690201 0.198688
vt 0.400709 0.720504
vt 0.400709 0.723940
vt 0.397272 0.723940
vt 0.397272 0.720504
vt 0.693637 0.319900
vt 0.690201 0.316464
vt 0.693637 0.316464
vt 0.693637 0.451214
vt 0.690201 0.451214
vt 0.693637 0.447777
vt 0.693637 0.511820
vt 0.690201 0.508383
vt 0.693637 0.508383
vt 0.690201 0.582527
vt 0.690201 0.579090
vt 0.693637 0.582527
vt 0.063938 0.700302
vt 0.067375 0.700302
vt 0.063938 0.703738
vt 0.114443 0.700302
vt 0.117880 0.700302
vt 0.114443 0.703738
vt 0.185150 0.700302
vt 0.188587 0.700302
vt 0.185150 0.703738
vt 0.548787 0.703738
vt 0.548787 0.700302
vt 0.552224 0.702020
vt 0.703739 0.511820
vt 0.700302 0.511820
vt 0.702021 0.508383
vt 0.175049 0.713839
vt 0.175049 0.710403
vt 0.178486 0.712121
vt 0.346767 0.713839
vt 0.346767 0.710403
vt 0.350203 0.712121
vt 0.629595 0.713839
vt 0.629595 0.710403
vt 0.633031 0.713839
vt 0.713839 0.148183
vt 0.710403 0.148183
vt 0.712121 0.144746
vt 0.713839 0.681139
vt 0.710403 0.683537
vt 0.710403 0.680100
vt 0.185150 0.723940
vt 0.185150 0.720504
vt 0.188587 0.722222
vt 0.286161 0.720504
vt 0.390608 0.740706
vt 0.390608 0.744142
vt 0.387171 0.744142
vt 0.387171 0.740706
vt 0.488181 0.723940
vt 0.488181 0.720504
vt 0.491618 0.722222
vt 0.723940 0.057274
vt 0.720504 0.057274
vt 0.720504 0.053837
vt 0.723940 0.138082
vt 0.720504 0.138082
vt 0.722222 0.134645
vt 0.723940 0.380506
vt 0.720504 0.380506
vt 0.722222 0.377070
vt 0.723940 0.390607
vt 0.720504 0.390607
vt 0.720504 0.387171
vt 0.286161 0.734041
vt 0.286161 0.730605
vt 0.289597 0.732323
vt 0.734041 0.683537
vt 0.730605 0.683537
vt 0.734041 0.680100
vt 0.114443 0.744142
vt 0.114443 0.740706
vt 0.117880 0.740706
vt 0.215454 0.744142
vt 0.215454 0.740706
vt 0.218890 0.742424
vt 0.764344 0.175049
vt 0.764344 0.178486
vt 0.760908 0.178486
vt 0.760908 0.175049
vt 0.124544 0.754243
vt 0.124544 0.750807
vt 0.127981 0.752525
vt 0.336666 0.754243
vt 0.336666 0.750807
vt 0.340102 0.752525
vt 0.488181 0.754243
vt 0.488181 0.750807
vt 0.491618 0.752525
vt 0.538686 0.754243
vt 0.538686 0.750807
vt 0.542123 0.754243
vt 0.629595 0.754243
vt 0.629595 0.750807
vt 0.633031 0.752525
vt 0.754243 0.006769
vt 0.750807 0.006769
vt 0.752525 0.003332
vt 0.750807 0.441113
vt 0.750807 0.437676
vt 0.754243 0.441113
vt 0.754243 0.602729
vt 0.750807 0.602729
vt 0.752525 0.599292
vt 0.175049 0.764344
vt 0.175049 0.760908
vt 0.178486 0.760908
vt 0.306363 0.764344
vt 0.306363 0.760908
vt 0.309799 0.762626
vt 0.700302 0.764344
vt 0.700302 0.760908
vt 0.703738 0.760908
vt 0.760908 0.467979
vt 0.764344 0.467979
vt 0.764344 0.471416
vt 0.760908 0.471416
vt 0.764344 0.228991
vt 0.760908 0.228991
vt 0.760908 0.225555
vt 0.764344 0.380506
vt 0.760908 0.380506
vt 0.762626 0.377070
vt 0.771009 0.245757
vt 0.774445 0.245757
vt 0.774445 0.249193
vt 0.771009 0.249193
vt 0.764344 0.713839
vt 0.760908 0.713839
vt 0.762626 0.710403
vt 0.205352 0.774445
vt 0.205353 0.771009
vt 0.208789 0.771009
vt 0.750807 0.774445
vt 0.750807 0.771009
vt 0.754243 0.772727
vt 0.410810 0.801312
vt 0.410810 0.804748
vt 0.407373 0.804748
vt 0.407373 0.801312
vt 0.774445 0.754243
vt 0.771009 0.754243
vt 0.772727 0.750807
vt 0.286162 0.784546
vt 0.286161 0.781110
vt 0.289597 0.781110
vt 0.784546 0.360304
vt 0.781110 0.360304
vt 0.782828 0.356868
vt 0.784546 0.400708
vt 0.781110 0.400708
vt 0.782828 0.397272
vt 0.784546 0.631313
vt 0.781110 0.633032
vt 0.781110 0.629595
vt 0.784546 0.744142
vt 0.781110 0.744142
vt 0.782828 0.740706
vt 0.033635 0.794647
vt 0.033635 0.791211
vt 0.037072 0.792929
vt 0.407373 0.794647
vt 0.407373 0.791211
vt 0.410810 0.792929
vt 0.589191 0.794647
vt 0.589191 0.791211
vt 0.592628 0.792929
vt 0.794647 0.441113
vt 0.791211 0.441113
vt 0.792929 0.437676
vt 0.794647 0.532022
vt 0.791211 0.532022
vt 0.792929 0.528585
vt 0.276060 0.801312
vt 0.316464 0.804748
vt 0.316464 0.801312
vt 0.319900 0.804730
vt 0.734041 0.804748
vt 0.730605 0.804748
vt 0.730605 0.801312
vt 0.734041 0.801312
vt 0.457878 0.804748
vt 0.457878 0.801312
vt 0.461315 0.803030
vt 0.518484 0.804748
vt 0.518484 0.801312
vt 0.521921 0.803030
vt 0.639696 0.804748
vt 0.639696 0.801312
vt 0.643133 0.803030
vt 0.804748 0.276060
vt 0.804748 0.279496
vt 0.801312 0.279496
vt 0.801312 0.276060
vt 0.801312 0.669999
vt 0.804748 0.669999
vt 0.804748 0.673436
vt 0.801312 0.673436
vt 0.804748 0.299698
vt 0.801312 0.299698
vt 0.801312 0.296262
vt 0.804748 0.330001
vt 0.801312 0.330001
vt 0.803030 0.326565
vt 0.532022 0.811413
vt 0.532022 0.814849
vt 0.528585 0.814849
vt 0.528585 0.811413
vt 0.003332 0.814849
vt 0.003332 0.811413
vt 0.006769 0.813131
vt 0.063938 0.814849
vt 0.063938 0.811413
vt 0.067375 0.813131
vt 0.195251 0.814849
vt 0.195251 0.811413
vt 0.198688 0.811413
vt 0.316464 0.814849
vt 0.316464 0.811413
vt 0.319900 0.814849
vt 0.326565 0.814849
vt 0.326565 0.811413
vt 0.330001 0.811413
vt 0.366969 0.814849
vt 0.366969 0.811413
vt 0.370405 0.813131
vt 0.387171 0.814849
vt 0.387171 0.811413
vt 0.390608 0.814849
vt 0.831615 0.791211
vt 0.835051 0.791211
vt 0.835051 0.794647
vt 0.831615 0.794647
vt 0.609393 0.814849
vt 0.609393 0.811413
vt 0.612830 0.811413
vt 0.750807 0.811413
vt 0.754243 0.811413
vt 0.750807 0.814849
vt 0.814849 0.026971
vt 0.811413 0.026971
vt 0.814847 0.023534
vt 0.814849 0.127981
vt 0.811413 0.127981
vt 0.813131 0.124544
vt 0.814849 0.289597
vt 0.811413 0.289597
vt 0.813131 0.286161
vt 0.814849 0.774445
vt 0.811413 0.774445
vt 0.814849 0.771009
vt 0.033635 0.824950
vt 0.033635 0.821514
vt 0.037072 0.823232
vt 0.276060 0.821514
vt 0.279496 0.821514
vt 0.276060 0.824950
vt 0.558888 0.824950
vt 0.558888 0.821514
vt 0.562325 0.821514
vt 0.824950 0.269395
vt 0.821514 0.269395
vt 0.823232 0.265959
vt 0.824950 0.451214
vt 0.821514 0.451214
vt 0.821514 0.447777
vt 0.821514 0.562325
vt 0.821514 0.558888
vt 0.824950 0.562325
vt 0.824950 0.592628
vt 0.821514 0.592628
vt 0.821514 0.589191
vt 0.824950 0.734041
vt 0.821514 0.734041
vt 0.823232 0.730605
vt 0.063938 0.835051
vt 0.063938 0.831615
vt 0.067375 0.833333
vt 0.205353 0.835051
vt 0.205353 0.831615
vt 0.208789 0.833333
vt 0.377070 0.835051
vt 0.377070 0.831615
vt 0.380506 0.833333
vt 0.457878 0.831615
vt 0.461315 0.831615
vt 0.457878 0.835051
vt 0.649797 0.835051
vt 0.649797 0.831615
vt 0.653233 0.833333
vt 0.835051 0.006769
vt 0.831615 0.006769
vt 0.835051 0.003332
vt 0.835051 0.734041
vt 0.831615 0.734041
vt 0.836984 0.730605
vt 0.208789 0.841716
vt 0.208789 0.845152
vt 0.205353 0.845152
vt 0.205353 0.841716
vt 0.835051 0.804748
vt 0.831615 0.804748
vt 0.831615 0.801312
vt 0.023534 0.845152
vt 0.023534 0.841716
vt 0.026971 0.843626
vt 0.154847 0.845152
vt 0.154847 0.841716
vt 0.158284 0.845152
vt 0.861918 0.548787
vt 0.865354 0.548787
vt 0.865354 0.552224
vt 0.861918 0.552224
vt 0.346767 0.845152
vt 0.346767 0.841716
vt 0.350203 0.843434
vt 0.377070 0.845152
vt 0.377070 0.841716
vt 0.380506 0.845152
vt 0.417474 0.841716
vt 0.420911 0.841716
vt 0.417474 0.845152
vt 0.498282 0.845152
vt 0.498282 0.841716
vt 0.501719 0.841716
vt 0.558888 0.845152
vt 0.558888 0.841716
vt 0.562325 0.841716
vt 0.599292 0.841716
vt 0.602728 0.841716
vt 0.599292 0.845152
vt 0.771009 0.845152
vt 0.771009 0.841716
vt 0.774445 0.841716
vt 0.845152 0.178486
vt 0.841716 0.178486
vt 0.845152 0.175049
vt 0.845152 0.188587
vt 0.841716 0.188587
vt 0.843434 0.185150
vt 0.845152 0.491618
vt 0.841716 0.491618
vt 0.843434 0.488181
vt 0.845152 0.835051
vt 0.841716 0.835051
vt 0.843434 0.831615
vt 0.013433 0.855253
vt 0.016870 0.851817
vt 0.016870 0.855253
vt 0.740706 0.855253
vt 0.740706 0.851817
vt 0.744142 0.853535
vt 0.851817 0.269395
vt 0.851817 0.265959
vt 0.855253 0.269395
vt 0.855253 0.299698
vt 0.851817 0.299698
vt 0.853535 0.296262
vt 0.855253 0.612830
vt 0.851817 0.612830
vt 0.853535 0.609393
vt 0.851817 0.865354
vt 0.851817 0.861918
vt 0.855253 0.863636
vt 0.865354 0.057274
vt 0.861918 0.053837
vt 0.865354 0.053837
vt 0.865354 0.158284
vt 0.861918 0.158284
vt 0.861918 0.154847
vt 0.865354 0.370405
vt 0.861918 0.370405
vt 0.861918 0.366969
vt 0.865354 0.380506
vt 0.861918 0.380506
vt 0.863029 0.377070
vt 0.861918 0.821514
vt 0.865354 0.821514
vt 0.865354 0.824950
vt 0.861918 0.824950
vt 0.865354 0.633032
vt 0.861918 0.633032
vt 0.861918 0.629595
vt 0.865354 0.653234
vt 0.861918 0.653234
vt 0.861918 0.649797
vt 0.865354 0.673436
vt 0.861918 0.673436
vt 0.863636 0.669999
vt 0.865354 0.764344
vt 0.861918 0.764344
vt 0.865354 0.760908
vt 0.178486 0.976466
vt 0.175049 0.976466
vt 0.175049 0.973029
vt 0.178486 0.973029
vt 0.013433 0.875455
vt 0.013433 0.872019
vt 0.016870 0.875455
vt 0.094241 0.875455
vt 0.094241 0.872019
vt 0.097678 0.872019
vt 0.175049 0.875455
vt 0.175049 0.872019
vt 0.178486 0.873737
vt 0.205353 0.875455
vt 0.205353 0.872019
vt 0.208789 0.873737
vt 0.296262 0.875455
vt 0.296262 0.872019
vt 0.299698 0.872019
vt 0.690201 0.875455
vt 0.690201 0.872019
vt 0.693637 0.875455
vt 0.875455 0.107779
vt 0.872019 0.107779
vt 0.875455 0.104342
vt 0.023534 0.883425
vt 0.026971 0.882120
vt 0.026971 0.885556
vt 0.387171 0.885556
vt 0.390608 0.882120
vt 0.390608 0.885556
vt 0.811413 0.882120
vt 0.814849 0.882120
vt 0.811413 0.885556
vt 0.013433 0.894603
vt 0.016870 0.892221
vt 0.016870 0.895657
vt 0.895657 0.542123
vt 0.892221 0.542123
vt 0.895657 0.538686
vt 0.619494 0.905758
vt 0.619494 0.902322
vt 0.622931 0.904040
vt 0.905758 0.138082
vt 0.902322 0.138082
vt 0.905758 0.134645
vt 0.114443 0.912423
vt 0.117880 0.912423
vt 0.114443 0.915859
vt 0.164948 0.915859
vt 0.168385 0.912423
vt 0.168385 0.915859
vt 0.730605 0.915859
vt 0.730605 0.912423
vt 0.734041 0.915859
vt 0.915859 0.148183
vt 0.912423 0.148183
vt 0.915859 0.144746
vt 0.074039 0.925960
vt 0.074039 0.922524
vt 0.077476 0.925960
vt 0.427575 0.925960
vt 0.427575 0.922524
vt 0.431012 0.925960
vt 0.740706 0.925960
vt 0.740706 0.922524
vt 0.744142 0.925960
vt 0.925961 0.188587
vt 0.922524 0.188587
vt 0.925961 0.185150
vt 0.925961 0.390608
vt 0.922524 0.390608
vt 0.925961 0.387171
vt 0.923681 0.622931
vt 0.922524 0.619494
vt 0.925961 0.619494
vt 0.925961 0.885556
vt 0.922524 0.885556
vt 0.925961 0.882120
vt 0.316464 0.936062
vt 0.316464 0.932625
vt 0.319900 0.936062
vt 0.528585 0.936062
vt 0.528585 0.932625
vt 0.532022 0.936062
vt 0.892209 0.936062
vt 0.892221 0.932625
vt 0.895657 0.932625
vt 0.902322 0.936062
vt 0.902322 0.932625
vt 0.905758 0.934343
vt 0.437676 0.946163
vt 0.437676 0.942726
vt 0.441113 0.946163
vt 0.467979 0.946163
vt 0.467979 0.942726
vt 0.471416 0.942726
vt 0.680100 0.946163
vt 0.680100 0.942726
vt 0.683536 0.946163
vt 0.811413 0.946163
vt 0.811413 0.942726
vt 0.814849 0.946163
vt 0.946163 0.562325
vt 0.942726 0.562325
vt 0.946163 0.558888
vt 0.946163 0.582527
vt 0.942726 0.579090
vt 0.946163 0.579090
vt 0.276060 0.956264
vt 0.276060 0.952827
vt 0.279496 0.956264
vt 0.956264 0.148183
vt 0.952827 0.148183
vt 0.956264 0.144746
vt 0.902322 0.966365
vt 0.902322 0.962928
vt 0.905758 0.964646
vt 0.902322 0.976466
vt 0.902322 0.973029
vt 0.905758 0.973029
vt 0.954808 0.976466
vt 0.952827 0.973029
vt 0.956264 0.973029
vt 0.976466 0.622931
vt 0.973029 0.622931
vt 0.974748 0.619494
vt 0.976466 0.895657
vt 0.973029 0.895657
vt 0.974748 0.892221
vt 0.740706 0.986567
vt 0.740706 0.983130
vt 0.744142 0.984848
vt 0.983130 0.117880
vt 0.983130 0.114443
vt 0.986567 0.117882
vt 0.986567 0.986567
vt 0.983130 0.986567
vt 0.984848 0.983130
vt 0.094241 0.996668
vt 0.094241 0.993231
vt 0.097678 0.993231
vt 0.358340 0.996668
vt 0.356868 0.993231
vt 0.360304 0.993231
vt 0.377070 0.996668
vt 0.377070 0.993231
vt 0.380506 0.994949
s 1
usemtl Material.004
f 13/15/7 9/16/8 15/17/9
f 16/18/10 9/19/8 14/20/11
f 15/21/9 9/22/8 17/23/12
f 18/24/13 9/25/8 16/26/10
f 17/27/12 9/28/8 390/29/7
f 18/30/13 319/31/14 9/32/8
f 20/33/7 9/34/8 319/35/14
f 410/36/7 9/37/8 20/38/7
f 19/39/15 9/40/8 27/41/16
f 22/42/17 320/43/7 23/44/18
f 375/45/19 24/46/20 304/47/7
f 27/48/16 21/49/21 375/50/19
f 380/51/22 320/52/7 410/53/7
f 31/54/23 320/55/7 25/56/24
f 23/57/18 320/58/7 330/59/25
f 27/60/16 28/61/26 21/62/21
f 320/63/7 31/64/23 330/65/25
f 31/66/23 33/67/27 330/68/25
f 34/69/7 33/70/27 31/71/23
f 384/72/7 304/73/7 32/74/7
f 36/75/28 304/76/7 384/77/7
f 426/78/29 304/79/7 35/80/30
f 37/81/31 33/82/27 34/83/7
f 35/84/30 304/85/7 39/86/32
f 38/87/33 33/88/27 37/89/31
f 42/90/34 304/91/7 36/92/28
f 38/93/33 41/94/35 40/95/7
f 39/96/32 304/97/7 43/98/36
f 45/99/7 304/100/7 42/101/34
f 40/102/7 41/103/35 305/104/37
f 41/105/35 44/106/38 305/107/37
f 47/108/39 304/109/7 45/110/7
f 402/111/40 44/112/38 363/113/41
f 305/114/37 44/115/38 402/116/40
f 305/117/37 402/118/40 46/119/42
f 304/120/7 47/121/39 48/122/43
f 48/123/43 47/124/39 347/125/44
f 345/126/45 402/127/40 363/128/41
f 321/129/46 347/130/44 47/131/39
f 50/132/47 49/133/48 340/134/49
f 52/135/7 49/136/48 51/137/50
f 53/138/7 49/139/48 52/140/7
f 54/141/7 49/142/48 53/143/7
f 28/144/26 49/145/48 54/146/7
f 49/147/48 28/148/26 9/149/8
f 373/150/51 55/151/52 331/152/7
f 26/153/53 55/154/52 9/155/8
f 57/156/54 55/157/52 323/158/55
f 58/159/56 55/160/52 57/161/54
f 331/162/7 55/163/52 58/164/56
f 46/165/42 402/166/40 306/167/57
f 406/168/58 55/169/52 374/170/59
f 393/171/60 49/172/48 61/173/61
f 63/174/7 55/175/52 62/176/62
f 403/177/7 55/178/52 63/179/7
f 387/180/63 55/181/52 403/182/7
f 64/183/64 49/184/48 366/185/65
f 321/186/46 402/187/40 347/188/44
f 347/189/44 402/190/40 345/191/45
f 67/192/66 402/193/40 321/194/46
f 413/195/67 306/196/57 402/197/40
f 306/198/57 413/199/67 65/200/68
f 65/201/68 413/202/67 372/203/7
f 71/204/69 372/205/7 413/206/67
f 70/207/70 402/208/40 67/209/66
f 70/210/70 66/211/71 402/212/40
f 66/213/71 74/214/72 68/215/73
f 68/216/73 74/217/72 72/218/74
f 75/219/7 372/220/7 71/221/69
f 69/222/75 372/223/7 73/224/76
f 72/225/74 74/226/72 77/227/77
f 78/228/78 372/229/7 75/230/7
f 76/231/79 82/232/80 77/233/77
f 77/234/77 82/235/80 80/236/7
f 79/237/81 78/238/78 81/239/82
f 372/240/7 78/241/78 79/242/81
f 307/243/83 404/244/84 78/245/78
f 78/246/78 404/247/84 81/248/82
f 80/249/7 82/250/80 83/251/85
f 84/252/86 404/253/84 307/254/83
f 83/255/85 82/256/80 85/257/87
f 86/258/88 329/259/7 85/260/87
f 85/261/87 329/262/7 83/263/85
f 83/264/85 329/265/7 87/266/89
f 88/267/90 89/268/91 90/269/92
f 87/270/89 329/271/7 325/272/7
f 89/273/91 314/274/93 90/275/92
f 382/276/94 90/277/92 314/278/93
f 325/279/7 329/280/7 350/281/7
f 90/282/92 382/283/94 92/284/95
f 92/285/95 382/286/94 387/287/63
f 55/288/52 382/289/94 93/290/7
f 365/291/96 93/292/7 94/293/7
f 392/294/97 93/295/7 365/296/96
f 95/297/98 93/298/7 392/299/97
f 308/300/99 93/301/7 95/302/98
f 97/303/7 93/304/7 308/305/99
f 94/306/7 93/307/7 383/308/100
f 99/309/101 93/310/7 334/311/102
f 412/312/103 93/313/7 99/314/101
f 101/315/7 93/316/7 100/317/104
f 350/318/7 93/319/7 101/320/7
f 338/321/105 93/322/7 102/323/106
f 104/324/107 385/325/108 316/326/109
f 93/327/110 316/328/109 55/329/52
f 49/330/48 396/331/111 368/332/112
f 49/333/48 107/334/113 93/335/110
f 368/336/112 107/337/113 49/338/48
f 396/339/111 9/340/8 108/341/114
f 109/342/115 9/343/8 103/344/116
f 108/345/114 9/346/8 109/347/115
f 63/348/117 110/349/118 403/350/119
f 111/351/120 403/352/119 110/353/118
f 403/354/119 111/355/120 387/356/63
f 111/357/120 112/358/121 387/359/63
f 92/360/95 112/361/121 113/362/122
f 387/363/63 112/364/121 92/365/95
f 92/366/95 113/367/122 90/368/92
f 114/369/123 90/370/92 113/371/122
f 88/372/90 90/373/92 114/374/123
f 114/375/123 115/376/124 88/377/90
f 404/378/84 88/379/90 115/380/124
f 322/381/125 404/382/84 115/383/124
f 116/384/126 79/385/81 322/386/125
f 73/387/76 116/388/126 117/389/127
f 73/390/76 117/391/127 69/392/75
f 118/393/128 69/394/75 117/395/127
f 65/396/68 309/397/129 306/398/57
f 310/399/130 306/400/57 309/401/129
f 310/402/130 119/403/131 46/404/42
f 306/405/57 310/406/130 46/407/42
f 120/408/132 46/409/42 119/410/131
f 121/411/133 305/412/37 120/413/132
f 305/414/37 122/415/134 40/416/135
f 123/417/136 40/418/135 122/419/134
f 40/420/135 123/421/136 38/422/33
f 124/423/137 38/424/33 123/425/136
f 38/426/33 124/427/137 33/428/27
f 125/429/138 33/430/27 124/431/137
f 330/432/25 33/433/27 125/434/138
f 126/435/139 330/436/25 125/437/138
f 330/438/25 126/439/139 23/440/18
f 23/441/18 405/442/140 22/443/17
f 26/444/53 388/445/141 323/446/55
f 127/447/142 323/448/55 388/449/141
f 128/450/143 57/451/54 127/452/142
f 57/453/54 128/454/143 58/455/56
f 129/456/144 58/457/56 128/458/143
f 58/459/56 129/460/144 331/461/145
f 130/462/146 331/463/145 129/464/144
f 331/465/145 332/466/147 373/467/51
f 132/468/148 362/469/149 131/470/150
f 362/471/149 132/472/148 374/473/59
f 374/474/59 133/475/151 406/476/58
f 346/477/152 406/478/58 133/479/151
f 407/480/153 62/481/62 346/482/152
f 62/483/62 407/484/153 63/485/117
f 110/486/118 63/487/117 407/488/153
f 134/489/154 37/490/31 150/491/155
f 37/492/31 134/493/154 41/494/35
f 41/495/35 135/496/156 44/497/38
f 135/498/156 41/499/35 134/500/154
f 44/501/38 389/502/157 363/503/41
f 389/504/157 44/505/38 135/506/156
f 363/507/41 389/508/157 345/509/45
f 364/510/158 345/511/45 389/512/157
f 136/513/159 345/514/45 364/515/158
f 345/516/45 136/517/159 347/518/44
f 347/519/44 137/520/160 48/521/43
f 137/522/160 347/523/44 136/524/159
f 43/525/36 48/526/43 137/527/160
f 43/528/36 348/529/161 39/530/32
f 348/531/161 43/532/36 425/533/162
f 39/534/32 348/535/161 138/536/163
f 35/537/30 39/538/32 138/539/163
f 35/540/30 138/541/163 426/542/29
f 375/543/19 141/544/164 27/545/16
f 19/546/15 27/547/16 141/548/164
f 19/549/15 142/550/165 390/551/166
f 312/552/167 390/553/166 142/554/165
f 390/555/166 312/556/167 17/557/12
f 143/558/168 17/559/12 312/560/167
f 17/561/12 143/562/168 15/563/9
f 144/564/169 15/565/9 143/566/168
f 15/567/9 144/568/169 13/569/170
f 144/570/169 333/571/171 13/572/170
f 13/573/170 333/574/171 11/575/172
f 324/576/173 11/577/172 333/578/171
f 10/579/174 11/580/172 324/581/173
f 376/582/175 10/583/174 324/584/173
f 10/585/174 376/586/175 12/587/176
f 377/588/177 14/589/11 409/590/178
f 349/591/179 16/592/10 377/593/177
f 16/594/10 349/595/179 18/596/13
f 319/597/14 18/598/13 349/599/179
f 145/600/180 319/601/14 349/602/179
f 319/603/14 145/604/180 20/605/181
f 145/606/180 378/607/182 20/608/181
f 20/609/181 378/610/182 410/611/183
f 410/612/183 379/613/184 380/614/22
f 146/615/185 380/616/22 379/617/184
f 25/618/24 147/619/186 31/620/23
f 148/621/187 31/622/23 147/623/186
f 148/624/187 149/625/188 34/626/189
f 31/627/23 148/628/187 34/629/189
f 150/630/155 34/631/189 149/632/188
f 34/633/189 150/634/155 37/635/31
f 94/636/190 151/637/191 365/638/96
f 391/639/192 365/640/96 151/641/191
f 365/642/96 391/643/192 392/644/97
f 391/645/192 411/646/193 95/647/98
f 392/648/97 391/649/192 95/650/98
f 95/651/98 411/652/193 152/653/194
f 308/654/99 153/655/195 97/656/196
f 154/657/197 98/658/198 97/659/196
f 155/660/199 334/661/102 154/662/197
f 156/663/200 99/664/101 155/665/199
f 99/666/101 156/667/200 412/668/103
f 157/669/201 158/670/202 100/671/104
f 100/672/104 158/673/202 101/674/203
f 158/675/202 159/676/204 101/677/203
f 101/678/203 159/679/204 350/680/205
f 381/681/206 350/682/205 159/683/204
f 350/684/205 381/685/206 325/686/207
f 325/687/207 161/688/208 87/689/89
f 161/690/208 325/691/207 160/692/209
f 87/693/89 162/694/210 83/695/85
f 83/696/85 164/697/211 80/698/212
f 164/699/211 83/700/85 163/701/213
f 80/702/212 164/703/211 77/704/77
f 166/705/214 77/706/77 165/707/215
f 77/708/77 166/709/214 72/710/74
f 72/711/74 166/712/214 68/713/73
f 167/714/216 68/715/73 166/716/214
f 68/717/73 167/718/216 66/719/71
f 66/720/71 335/721/217 402/722/40
f 402/723/40 169/724/218 413/725/67
f 313/726/219 413/727/67 169/728/218
f 170/729/220 71/730/69 313/731/219
f 71/732/69 170/733/220 75/734/221
f 171/735/222 75/736/221 170/737/220
f 75/738/221 171/739/222 78/740/78
f 172/741/223 78/742/78 171/743/222
f 78/744/78 172/745/223 307/746/83
f 173/747/224 307/748/83 172/749/223
f 307/750/83 173/751/224 84/752/86
f 89/753/91 84/754/86 174/755/225
f 429/756/226 89/757/91 174/758/225
f 89/759/91 429/760/226 314/761/93
f 314/762/93 429/763/226 382/764/94
f 429/765/226 351/766/227 382/767/94
f 176/768/228 383/769/100 175/770/229
f 151/771/191 383/772/100 176/773/228
f 383/774/100 151/775/191 94/776/190
f 178/777/230 82/778/80 177/779/231
f 82/780/80 336/781/232 85/782/87
f 336/783/232 82/784/80 178/785/230
f 85/786/87 336/787/232 179/788/233
f 86/789/88 85/790/87 179/791/233
f 337/792/234 102/793/106 91/794/235
f 102/795/106 337/796/234 180/797/236
f 366/798/65 338/799/105 180/800/236
f 181/801/237 64/802/64 339/803/238
f 64/804/64 181/805/237 61/806/61
f 59/807/239 393/808/60 184/809/240
f 394/810/241 59/811/239 184/812/240
f 394/813/241 185/814/242 50/815/47
f 340/816/49 394/817/241 50/818/47
f 185/819/242 186/820/243 50/821/47
f 51/822/50 186/823/243 52/824/244
f 187/825/245 52/826/244 186/827/243
f 52/828/244 187/829/245 53/830/246
f 188/831/247 53/832/246 187/833/245
f 53/834/246 188/835/247 54/836/248
f 189/837/249 54/838/248 188/839/247
f 54/840/248 189/841/249 28/842/26
f 28/843/26 352/844/250 21/845/21
f 367/846/251 21/847/21 352/848/250
f 24/849/20 21/850/21 367/851/251
f 190/852/252 24/853/20 367/854/251
f 190/855/252 191/856/253 29/857/254
f 29/858/254 191/859/253 32/860/255
f 341/861/256 32/862/255 191/863/253
f 32/864/255 341/865/256 384/866/257
f 384/867/257 192/868/258 36/869/28
f 192/870/258 384/871/257 341/872/256
f 193/873/259 36/874/28 192/875/258
f 42/876/34 193/877/259 45/878/260
f 194/879/261 45/880/260 193/881/259
f 45/882/260 194/883/261 47/884/39
f 47/885/39 414/886/262 321/887/46
f 195/888/263 321/889/46 414/890/262
f 321/891/46 195/892/263 67/893/66
f 195/894/263 395/895/264 67/896/66
f 70/897/70 67/898/66 196/899/265
f 70/900/70 342/901/266 74/902/72
f 342/903/266 70/904/70 196/905/265
f 177/906/231 74/907/72 342/908/266
f 74/909/72 177/910/231 76/911/79
f 103/912/116 199/913/267 109/914/268
f 199/915/267 200/916/269 198/917/270
f 197/918/269 385/919/108 201/920/267
f 103/921/116 385/922/108 197/923/269
f 203/924/269 204/925/271 202/926/272
f 205/927/273 315/928/269 430/929/274
f 206/930/275 203/931/269 202/932/272
f 212/933/108 432/934/267 211/935/276
f 385/936/108 104/937/107 201/938/267
f 358/939/267 353/940/269 213/941/273
f 213/942/273 214/943/277 420/944/276
f 326/945/273 354/946/267 198/947/270
f 215/948/111 199/949/267 198/950/270
f 353/951/269 201/952/267 104/953/107
f 204/954/271 203/955/269 205/956/273
f 205/957/273 203/958/269 315/959/269
f 315/960/269 203/961/269 401/962/278
f 355/963/269 354/964/267 420/965/276
f 105/966/279 354/967/267 355/968/269
f 354/969/267 105/970/279 106/971/280
f 211/972/276 432/973/267 207/974/267
f 207/975/267 209/976/272 211/977/276
f 418/978/273 212/979/108 420/980/276
f 432/981/267 212/982/108 418/983/273
f 316/984/109 398/985/269 218/986/279
f 427/987/277 107/988/113 398/989/269
f 353/990/269 316/991/109 218/992/279
f 396/993/111 397/994/280 219/995/281
f 397/996/280 396/997/111 108/998/114
f 368/999/112 396/1000/111 360/1001/282
f 360/1002/282 396/1003/111 219/1004/281
f 354/1005/267 368/1006/112 360/1007/282
f 107/1008/113 355/1009/269 419/1010/278
f 109/1011/268 397/1012/280 108/1013/114
f 324/1014/270 220/1015/283 376/1016/175
f 333/1017/171 220/1018/283 324/1019/270
f 144/1020/169 220/1021/283 333/1022/171
f 409/1023/178 220/1024/283 377/1025/177
f 143/1026/270 220/1027/283 144/1028/169
f 377/1029/177 220/1030/283 349/1031/179
f 349/1032/179 220/1033/283 145/1034/180
f 142/1035/165 220/1036/283 312/1037/270
f 140/1038/284 221/1039/285 141/1040/164
f 141/1041/164 221/1042/285 220/1043/283
f 367/1044/251 140/1045/284 190/1046/252
f 379/1047/184 405/1048/140 146/1049/185
f 352/1050/250 221/1051/285 367/1052/251
f 191/1053/253 140/1054/284 139/1055/286
f 126/1056/139 147/1057/186 405/1058/140
f 147/1059/186 125/1060/138 148/1061/187
f 189/1062/249 221/1063/285 352/1064/250
f 399/1065/276 221/1066/285 189/1067/249
f 149/1068/188 125/1069/138 150/1070/155
f 341/1071/256 369/1072/270 192/1073/258
f 123/1074/136 150/1075/155 124/1076/137
f 124/1077/137 150/1078/155 125/1079/138
f 123/1080/136 415/1081/270 150/1082/155
f 192/1083/258 369/1084/270 193/1085/270
f 150/1086/155 415/1087/270 134/1088/270
f 122/1089/134 415/1090/270 123/1091/136
f 425/1092/162 369/1093/270 348/1094/161
f 193/1095/270 369/1096/270 194/1097/261
f 121/1098/133 415/1099/270 122/1100/134
f 134/1101/270 415/1102/270 135/1103/270
f 186/1104/243 222/1105/273 187/1106/270
f 188/1107/247 222/1108/273 189/1109/249
f 222/1110/273 399/1111/276 189/1112/249
f 135/1113/270 415/1114/270 389/1115/270
f 119/1116/131 389/1117/270 120/1118/132
f 194/1119/261 369/1120/270 414/1121/262
f 137/1122/160 414/1123/262 369/1124/270
f 136/1125/159 414/1126/262 137/1127/160
f 389/1128/270 119/1129/131 364/1130/158
f 327/1131/280 388/1132/141 220/1133/283
f 388/1134/141 327/1135/280 127/1136/270
f 127/1137/270 327/1138/280 128/1139/270
f 128/1140/270 327/1141/280 129/1142/144
f 130/1143/146 327/1144/280 332/1145/147
f 119/1146/131 136/1147/159 364/1148/158
f 184/1149/240 428/1150/276 394/1151/241
f 394/1152/241 428/1153/276 185/1154/242
f 185/1155/242 428/1156/276 186/1157/243
f 428/1158/276 183/1159/287 357/1160/269
f 346/1161/152 327/1162/280 407/1163/153
f 181/1164/237 357/1165/269 182/1166/288
f 110/1167/270 327/1168/280 111/1169/120
f 339/1170/238 357/1171/269 181/1172/237
f 335/1173/217 136/1174/159 168/1175/289
f 309/1176/129 136/1177/159 310/1178/130
f 168/1179/289 136/1180/159 169/1181/218
f 335/1182/217 196/1183/265 395/1184/264
f 118/1185/128 136/1186/159 309/1187/129
f 169/1188/218 136/1189/159 313/1190/270
f 196/1191/265 167/1192/216 342/1193/266
f 166/1194/270 342/1195/266 167/1196/216
f 118/1197/128 170/1198/270 136/1199/159
f 170/1200/270 417/1201/270 171/1202/270
f 165/1203/215 342/1204/266 166/1205/270
f 342/1206/266 165/1207/215 177/1208/231
f 171/1209/270 417/1210/270 172/1211/270
f 165/1212/215 178/1213/230 177/1214/231
f 322/1215/125 417/1216/270 116/1217/126
f 172/1218/270 417/1219/270 173/1220/224
f 163/1221/213 178/1222/230 164/1223/211
f 115/1224/124 417/1225/270 322/1226/125
f 178/1227/230 163/1228/213 336/1229/232
f 161/1230/208 336/1231/232 162/1232/210
f 152/1233/194 225/1234/273 153/1235/195
f 153/1236/195 225/1237/273 154/1238/197
f 154/1239/197 225/1240/273 155/1241/199
f 155/1242/199 226/1243/267 156/1244/200
f 225/1245/273 226/1246/267 155/1247/199
f 151/1248/191 227/1249/290 391/1250/192
f 391/1251/192 227/1252/290 411/1253/193
f 176/1254/228 227/1255/290 151/1256/191
f 227/1257/290 225/1258/273 411/1259/193
f 227/1260/290 228/1261/273 370/1262/276
f 224/1263/291 337/1264/234 229/1265/292
f 230/1266/293 228/1267/273 175/1268/229
f 429/1269/226 230/1270/293 351/1271/227
f 351/1272/227 230/1273/293 175/1274/229
f 113/1275/270 230/1276/293 114/1277/123
f 231/1278/275 416/1279/269 224/1280/291
f 232/1281/268 357/1282/269 416/1283/269
f 233/1284/274 223/1285/273 222/1286/273
f 223/1287/273 234/1288/271 235/1289/108
f 399/1290/276 223/1291/273 235/1292/108
f 370/1293/276 237/1294/294 227/1295/290
f 238/1296/280 356/1297/267 226/1298/267
f 356/1299/267 239/1300/295 229/1301/292
f 353/1302/269 218/1303/279 398/1304/269
f 398/1305/269 355/1306/269 214/1307/277
f 219/1308/296 354/1309/267 360/1310/282
f 215/1311/111 354/1312/267 219/1313/296
f 215/1314/111 397/1315/280 199/1316/267
f 240/1317/297 216/1318/282 358/1319/267
f 241/1320/298 216/1321/282 240/1322/297
f 241/1323/298 242/1324/299 216/1325/282
f 217/1326/279 197/1327/269 244/1328/300
f 244/1329/300 200/1330/269 217/1331/279
f 245/1332/301 200/1333/269 244/1334/300
f 200/1335/269 245/1336/301 198/1337/302
f 198/1338/302 235/1339/108 326/1340/273
f 223/1341/273 326/1342/273 234/1343/271
f 430/1344/274 326/1345/273 223/1346/273
f 205/1347/273 430/1348/274 233/1349/274
f 233/1350/274 222/1351/273 205/1352/273
f 247/1353/303 204/1354/271 318/1355/304
f 436/1356/305 222/1357/273 437/1358/306
f 437/1359/306 222/1360/273 249/1361/307
f 344/1362/308 202/1363/272 251/1364/309
f 431/1365/310 202/1366/272 434/1367/311
f 359/1368/312 428/1369/276 431/1370/310
f 400/1371/313 222/1372/273 428/1373/276
f 400/1374/313 438/1375/314 222/1376/273
f 428/1377/276 357/1378/269 202/1379/272
f 232/1380/315 401/1381/278 203/1382/269
f 315/1383/269 401/1384/278 231/1385/275
f 360/1386/316 256/1387/317 224/1388/291
f 317/1389/276 231/1390/275 256/1391/317
f 315/1392/269 231/1393/275 317/1394/276
f 418/1395/273 257/1396/318 432/1397/267
f 229/1398/292 239/1399/295 419/1400/319
f 210/1401/295 432/1402/267 356/1403/267
f 238/1404/280 207/1405/267 356/1406/267
f 226/1407/267 433/1408/280 238/1409/280
f 208/1410/271 433/1411/280 225/1412/273
f 259/1413/320 209/1414/272 386/1415/321
f 261/1416/322 227/1417/290 260/1418/323
f 262/1419/324 263/1420/325 208/1421/271
f 361/1422/326 208/1423/271 265/1424/327
f 264/1425/328 444/1426/329 227/1427/290
f 266/1428/330 225/1429/273 269/1430/331
f 225/1431/273 446/1432/332 208/1433/271
f 266/1434/330 267/1435/333 225/1436/273
f 445/1437/334 225/1438/273 267/1439/333
f 445/1440/334 268/1441/335 225/1442/273
f 237/1443/294 211/1444/276 227/1445/290
f 212/1446/108 211/1447/276 370/1448/276
f 370/1449/276 420/1450/276 212/1451/108
f 420/1452/276 370/1453/276 343/1454/336
f 358/1455/267 236/1456/337 240/1457/297
f 213/1458/273 236/1459/337 358/1460/267
f 228/1461/273 230/1462/293 240/1463/320
f 220/1464/283 421/1465/338 327/1466/280
f 221/1467/285 421/1468/338 220/1469/283
f 397/1470/339 421/1471/338 221/1472/285
f 397/1473/339 221/1474/285 245/1475/301
f 421/1476/338 244/1477/300 243/1478/7
f 242/1479/299 371/1480/340 243/1481/7
f 243/1482/7 371/1483/340 421/1484/338
f 241/1485/298 371/1486/340 242/1487/299
f 218/1488/341 371/1489/340 240/1490/297
f 431/1491/310 434/1492/311 270/1493/342
f 253/1494/343 270/1495/342 434/1496/311
f 271/1497/344 344/1498/308 435/1499/345
f 344/1500/308 251/1501/309 435/1502/345
f 272/1503/346 435/1504/345 251/1505/309
f 273/1506/347 272/1507/346 251/1508/309
f 274/1509/348 273/1510/347 248/1511/349
f 248/1512/349 247/1513/303 274/1514/348
f 247/1515/303 318/1516/304 275/1517/350
f 276/1518/351 275/1519/350 318/1520/304
f 318/1521/304 246/1522/352 276/1523/351
f 276/1524/351 246/1525/352 277/1526/353
f 26/1527/53 9/1528/8 410/1529/7 320/1530/7
f 278/1531/354 277/1532/353 436/1533/305
f 436/1534/305 277/1535/353 422/1536/355
f 279/1537/356 278/1538/354 436/1539/305
f 436/1540/305 437/1541/306 279/1542/356
f 437/1543/306 249/1544/307 279/1545/356
f 280/1546/357 279/1547/356 249/1548/307
f 281/1549/358 280/1550/357 250/1551/359
f 250/1552/359 254/1553/360 281/1554/358
f 281/1555/358 254/1556/360 282/1557/361
f 254/1558/360 438/1559/314 282/1560/361
f 400/1561/313 424/1562/362 438/1563/314
f 400/1564/313 283/1565/363 424/1566/362
f 283/1567/363 255/1568/364 284/1569/365
f 255/1570/364 439/1571/366 284/1572/365
f 285/1573/367 284/1574/365 439/1575/366
f 286/1576/368 423/1577/369 359/1578/312
f 359/1579/312 431/1580/310 286/1581/368
f 360/1582/316 257/1583/318 256/1584/317
f 257/1585/318 360/1586/316 419/1587/319
f 265/1588/327 446/1589/332 288/1590/370
f 289/1591/371 265/1592/327 288/1593/370
f 361/1594/326 265/1595/327 289/1596/371
f 290/1597/372 291/1598/373 262/1599/324
f 262/1600/324 291/1601/373 263/1602/325
f 440/1603/374 294/1604/375 441/1605/376
f 258/1606/377 441/1607/376 442/1608/378
f 386/1609/321 258/1610/377 295/1611/379
f 328/1612/380 297/1613/381 259/1614/382
f 259/1615/382 297/1616/381 260/1617/323
f 297/1618/381 298/1619/383 260/1620/323
f 260/1621/323 298/1622/383 261/1623/322
f 298/1624/383 299/1625/384 261/1626/322
f 444/1627/329 300/1628/385 269/1629/331
f 301/1630/386 269/1631/331 300/1632/385
f 267/1633/333 266/1634/330 302/1635/387
f 303/1636/388 445/1637/334 302/1638/387
f 268/1639/335 445/1640/334 303/1641/388
f 287/1642/389 268/1643/335 303/1644/388
f 282/1645/361 279/1646/356 281/1647/358
f 279/1648/356 280/1649/357 281/1650/358
f 278/1651/354 279/1652/356 282/1653/361
f 282/1654/361 424/1655/362 278/1656/354
f 424/1657/362 283/1658/363 285/1659/367
f 278/1660/354 424/1661/362 285/1662/367
f 276/1663/351 278/1664/354 285/1665/367
f 277/1666/353 278/1667/354 276/1668/351
f 274/1669/348 275/1670/350 270/1671/342
f 423/1672/369 270/1673/342 285/1674/367
f 286/1675/368 270/1676/342 423/1677/369
f 274/1678/348 270/1679/342 273/1680/347
f 271/1681/344 435/1682/345 270/1683/342
f 298/1684/383 328/1685/380 299/1686/384
f 298/1687/383 297/1688/381 328/1689/380
f 301/1690/386 300/1691/385 302/1692/387
f 300/1693/385 328/1694/380 302/1695/387
f 296/1696/390 442/1697/378 328/1698/380
f 303/1699/388 302/1700/387 442/1701/378
f 303/1702/388 442/1703/378 287/1704/389
f 442/1705/378 293/1706/391 288/1707/370
f 289/1708/371 288/1709/370 290/1710/372
f 290/1711/372 288/1712/370 291/1713/373
f 11/1714/172 10/1715/174 9/1716/8
f 10/1717/174 12/1718/176 9/1719/8
f 13/1720/7 11/1721/172 9/1722/8
f 12/1723/176 14/1724/11 9/1725/8
f 19/1726/15 390/1727/7 9/1728/8
f 380/1729/22 25/1730/24 320/1731/7
f 21/1732/21 24/1733/20 375/1734/19
f 22/1735/17 26/1736/53 320/1737/7
f 311/1738/392 375/1739/19 304/1740/7
f 24/1741/20 29/1742/254 304/1743/7
f 27/1744/16 9/1745/8 28/1746/26
f 329/1747/7 102/1748/106 93/1749/7 350/1750/7
f 30/1751/393 311/1752/392 304/1753/7
f 29/1754/254 32/1755/7 304/1756/7
f 426/1757/29 30/1758/393 304/1759/7
f 37/1760/31 41/1761/35 38/1762/33
f 48/1763/43 43/1764/36 304/1765/7
f 50/1766/47 51/1767/50 49/1768/48
f 373/1769/51 56/1770/394 55/1771/52
f 56/1772/394 362/1773/149 55/1774/52
f 26/1775/53 323/1776/55 55/1777/52
f 362/1778/149 374/1779/59 55/1780/52
f 59/1781/239 340/1782/49 49/1783/48
f 393/1784/60 59/1785/239 49/1786/48
f 406/1787/58 60/1788/395 55/1789/52
f 60/1790/395 62/1791/62 55/1792/52
f 64/1793/64 61/1794/61 49/1795/48
f 338/1796/105 366/1797/65 49/1798/48
f 70/1799/70 74/1800/72 66/1801/71
f 69/1802/75 65/1803/68 372/1804/7
f 77/1805/77 74/1806/72 76/1807/79
f 79/1808/81 73/1809/76 372/1810/7
f 84/1811/86 88/1812/90 404/1813/84
f 84/1814/86 89/1815/91 88/1816/90
f 86/1817/88 91/1818/235 329/1819/7
f 91/1820/235 102/1821/106 329/1822/7
f 55/1823/52 387/1824/63 382/1825/94
f 382/1826/94 96/1827/396 93/1828/7
f 96/1829/396 383/1830/100 93/1831/7
f 97/1832/7 98/1833/198 93/1834/7
f 98/1835/198 334/1836/102 93/1837/7
f 412/1838/103 100/1839/104 93/1840/7
f 49/1841/48 93/1842/7 338/1843/105
f 107/1844/113 368/1845/112 106/1846/280 105/1847/279
f 385/1848/108 103/1849/116 55/1850/52
f 103/1851/116 9/1852/8 55/1853/52
f 427/1854/277 316/1855/109 93/1856/110
f 55/1857/52 316/1858/109 385/1859/108
f 22/1860/17 405/1861/140 388/1862/141 26/1863/53
f 427/1864/277 93/1865/110 107/1866/113
f 396/1867/111 49/1868/48 9/1869/8
f 81/1870/82 404/1871/84 322/1872/125
f 79/1873/81 81/1874/82 322/1875/125
f 73/1876/76 79/1877/81 116/1878/126
f 69/1879/75 118/1880/128 65/1881/68
f 309/1882/129 65/1883/68 118/1884/128
f 46/1885/42 120/1886/132 305/1887/37
f 122/1888/134 305/1889/37 121/1890/133
f 126/1891/139 405/1892/140 23/1893/18
f 311/1894/392 139/1895/286 140/1896/284 375/1897/19
f 323/1898/55 127/1899/142 57/1900/54
f 332/1901/147 331/1902/145 130/1903/146
f 131/1904/150 373/1905/51 332/1906/147
f 131/1907/150 56/1908/394 373/1909/51
f 362/1910/149 56/1911/394 131/1912/150
f 133/1913/151 374/1914/59 132/1915/148
f 406/1916/58 346/1917/152 60/1918/395
f 60/1919/395 346/1920/152 62/1921/62
f 137/1922/160 425/1923/162 43/1924/36
f 138/1925/163 408/1926/397 426/1927/29
f 30/1928/393 426/1929/29 408/1930/397
f 408/1931/397 139/1932/286 30/1933/393
f 30/1934/393 139/1935/286 311/1936/392
f 382/1937/94 351/1938/227 175/1939/229 96/1940/396
f 140/1941/284 141/1942/164 375/1943/19
f 141/1944/164 142/1945/165 19/1946/15
f 409/1947/178 12/1948/176 376/1949/175
f 12/1950/176 409/1951/178 14/1952/11
f 14/1953/11 377/1954/177 16/1955/10
f 379/1956/184 410/1957/183 378/1958/182
f 25/1959/24 380/1960/22 146/1961/185
f 147/1962/186 25/1963/24 146/1964/185
f 95/1965/98 152/1966/194 308/1967/99
f 152/1968/194 153/1969/195 308/1970/99
f 154/1971/197 97/1972/196 153/1973/195
f 98/1974/198 154/1975/197 334/1976/102
f 334/1977/102 155/1978/199 99/1979/101
f 157/1980/201 412/1981/103 156/1982/200
f 412/1983/103 157/1984/201 100/1985/104
f 325/1986/207 381/1987/206 160/1988/209
f 87/1989/89 161/1990/208 162/1991/210
f 163/1992/213 83/1993/85 162/1994/210
f 165/1995/215 77/1996/77 164/1997/211
f 167/1998/216 335/1999/217 66/2000/71
f 168/2001/289 402/2002/40 335/2003/217
f 169/2004/218 402/2005/40 168/2006/289
f 413/2007/67 313/2008/219 71/2009/69
f 173/2010/224 174/2011/225 84/2012/86
f 183/2013/287 393/2014/60 61/2015/61 182/2016/288
f 96/2017/396 175/2018/229 383/2019/100
f 76/2020/79 177/2021/231 82/2022/80
f 86/2023/88 179/2024/233 91/2025/235
f 179/2026/233 337/2027/234 91/2028/235
f 102/2029/106 180/2030/236 338/2031/105
f 180/2032/236 339/2033/238 366/2034/65
f 366/2035/65 339/2036/238 64/2037/64
f 182/2038/288 61/2039/61 181/2040/237
f 433/2041/280 208/2042/271 209/2043/272 207/2044/267
f 184/2045/240 393/2046/60 183/2047/287
f 340/2048/49 59/2049/239 394/2050/241
f 50/2051/47 186/2052/243 51/2053/50
f 352/2054/250 28/2055/26 189/2056/249
f 24/2057/20 190/2058/252 29/2059/254
f 36/2060/28 193/2061/259 42/2062/34
f 414/2063/262 47/2064/39 194/2065/261
f 196/2066/265 67/2067/66 395/2068/264
f 103/2069/116 197/2070/269 199/2071/267
f 326/2072/273 315/2073/269 317/2074/276 354/2075/267
f 214/2076/277 213/2077/273 353/2078/269
f 355/2079/269 420/2080/276 214/2081/277
f 215/2082/111 198/2083/270 354/2084/267
f 358/2085/267 216/2086/282 201/2087/267
f 353/2088/269 358/2089/267 201/2090/267
f 217/2091/279 200/2092/269 197/2093/269
f 200/2094/269 199/2095/267 197/2096/269
f 430/2097/274 315/2098/269 326/2099/273
f 354/2100/267 317/2101/276 418/2102/273 420/2103/276
f 388/2104/141 405/2105/140 378/2106/182 220/2107/283
f 207/2108/267 432/2109/267 210/2110/295
f 419/2111/278 398/2112/269 107/2113/113
f 316/2114/109 427/2115/277 398/2116/269
f 316/2117/109 353/2118/269 104/2119/107
f 368/2120/112 354/2121/267 106/2122/280
f 355/2123/269 107/2124/113 105/2125/279
f 397/2126/280 109/2127/268 199/2128/267
f 409/2129/178 376/2130/175 220/2131/283
f 143/2132/270 312/2133/270 220/2134/283
f 378/2135/182 145/2136/180 220/2137/283
f 142/2138/165 141/2139/164 220/2140/283
f 367/2141/251 221/2142/285 140/2143/284
f 147/2144/186 146/2145/185 405/2146/140
f 191/2147/253 190/2148/252 140/2149/284
f 379/2150/184 378/2151/182 405/2152/140
f 126/1056/139 125/2153/138 147/1057/186
f 415/2154/270 121/2155/133 120/2156/132 389/2157/270
f 139/2158/286 408/2159/397 191/2160/253
f 408/2161/397 341/2162/256 191/2163/253
f 149/2164/188 148/2165/187 125/2166/138
f 408/2167/397 138/2168/163 341/2169/256
f 138/2170/163 369/2171/270 341/2172/256
f 138/2173/163 348/2174/161 369/2175/270
f 188/2176/247 187/2177/270 222/2178/273
f 222/2179/273 223/2180/273 399/2181/276
f 425/2182/162 137/2183/160 369/2184/270
f 357/2185/269 339/2186/238 224/2187/291 416/2188/269
f 130/2189/146 129/2190/144 327/2191/280
f 131/2192/150 332/2193/147 327/2194/280
f 132/2195/148 131/2196/150 327/2197/280
f 310/2198/130 136/2199/159 119/2200/131
f 133/2201/151 132/2202/148 327/2203/280
f 346/2204/152 133/2205/151 327/2206/280
f 186/2207/243 428/2208/276 222/2209/273
f 184/2210/240 183/2211/287 428/2212/276
f 183/2213/287 182/2214/288 357/2215/269
f 110/2216/270 407/2217/153 327/2218/280
f 112/2219/121 111/2220/120 327/2221/280
f 136/2222/159 335/2223/217 195/2224/263 414/2225/262
f 180/2226/236 337/2227/234 224/2228/291
f 339/2229/238 180/2230/236 224/2231/291
f 170/2232/270 118/2233/128 117/2234/270 417/2235/270
f 395/2236/264 195/2237/263 335/2238/217
f 167/2239/216 196/2240/265 335/2241/217
f 170/2242/270 313/2243/270 136/2244/159
f 337/2245/234 161/2246/208 160/2247/209 229/2248/292
f 117/2249/270 116/2250/126 417/2251/270
f 165/2252/215 164/2253/211 178/2254/230
f 163/2255/213 162/2256/210 336/2257/232
f 174/2258/225 173/2259/224 417/2260/270
f 179/2261/233 336/2262/232 161/2263/208
f 115/2264/124 114/2265/123 417/2266/270
f 429/2267/226 174/2268/225 417/2269/270
f 337/2270/234 179/2271/233 161/2272/208
f 152/2273/194 411/2274/193 225/2275/273
f 157/2276/201 156/2277/200 226/2278/267
f 158/2279/202 157/2280/201 226/2281/267
f 227/1260/290 176/2282/228 228/1261/273
f 175/2283/229 228/2284/273 176/2285/228
f 229/2286/292 158/2287/202 226/2288/267 356/2289/267
f 159/2290/204 158/2291/202 229/2292/292
f 381/2293/206 159/2294/204 229/2295/292
f 160/2296/209 381/2297/206 229/2298/292
f 417/2299/270 114/2300/123 230/2301/293 429/2302/226
f 370/2303/276 228/2304/273 236/2305/337 343/2306/336
f 112/2307/121 327/2308/280 230/2309/293
f 113/2310/270 112/2311/121 230/2312/293
f 399/2313/276 235/2314/108 198/2315/302 245/2316/301
f 398/2317/269 214/2318/277 353/2319/269
f 419/2320/278 355/2321/269 398/2322/269
f 215/2323/111 219/2324/281 397/2325/280
f 201/2326/267 216/2327/282 242/2328/299
f 242/2329/299 243/2330/110 201/2331/267
f 243/2332/110 197/2333/269 201/2334/267
f 243/2335/110 244/2336/300 197/2337/269
f 357/2338/269 232/2339/268 203/2340/269 206/2341/275
f 234/2342/271 326/2343/273 235/2344/108
f 233/2345/274 430/2346/274 223/2347/273
f 204/2348/271 205/2349/273 222/2350/273
f 246/2351/352 318/2352/304 204/2353/271
f 422/2354/355 246/2355/352 204/2356/271
f 436/2357/305 422/2358/355 204/2359/271
f 247/2360/303 248/2361/349 204/2362/271
f 222/2363/273 436/2364/305 204/2365/271
f 250/2366/359 249/2367/307 222/2368/273
f 252/2369/398 251/2370/309 202/2371/272
f 248/2372/349 252/2373/398 202/2374/272
f 204/2375/271 248/2376/349 202/2377/272
f 254/2378/360 250/2379/359 222/2380/273
f 344/2381/308 253/2382/343 202/2383/272
f 438/2384/314 254/2385/360 222/2386/273
f 253/2387/343 434/2388/311 202/2389/272
f 255/2390/364 400/2391/313 428/2392/276
f 202/2393/272 431/2394/310 428/2395/276
f 439/2396/366 255/2397/364 428/2398/276
f 359/2399/312 439/2400/366 428/2401/276
f 206/2402/275 202/2403/272 357/2404/269
f 418/2405/273 317/2406/276 256/2407/317 257/2408/318
f 232/2409/315 416/2410/269 401/2411/278
f 416/2412/269 231/2413/275 401/2414/278
f 224/2415/291 256/2416/317 231/2417/275
f 343/2418/336 236/2419/337 213/2420/273 420/2421/276
f 257/2422/318 419/2423/319 239/2424/295
f 432/2425/267 257/2426/318 239/2427/295
f 356/2428/267 432/2429/267 239/2430/295
f 210/2431/295 356/2432/267 207/2433/267
f 207/2434/267 238/2435/280 433/2436/280
f 225/2437/273 433/2438/280 226/2439/267
f 441/2440/376 258/2441/377 209/2442/272
f 258/2443/377 386/2444/321 209/2445/272
f 440/2446/374 441/2447/376 209/2448/272
f 263/2449/325 440/2450/374 209/2451/272
f 259/2452/320 260/2453/323 227/2454/290
f 209/2455/272 259/2456/320 227/2457/290
f 361/2458/326 262/2459/324 208/2460/271
f 208/2461/271 263/2462/325 209/2463/272
f 261/2464/322 264/2465/328 227/2466/290
f 446/2467/332 265/2468/327 208/2469/271
f 268/2470/335 446/2471/332 225/2472/273
f 227/2473/290 269/2474/331 225/2475/273
f 444/2476/329 269/2477/331 227/2478/290
f 209/2479/272 227/2480/290 211/2481/276
f 237/2482/294 370/2483/276 211/2484/276
f 327/2485/280 371/2486/340 218/2487/341 230/2488/293
f 228/2489/273 240/2490/297 236/2491/337
f 224/2492/320 229/2493/292 419/2494/319
f 360/2495/316 224/2496/320 419/2497/319
f 218/2498/341 240/2499/320 230/2500/293
f 275/2501/350 276/2502/351 285/2503/367 270/2504/342
f 371/2505/340 327/2506/280 421/2507/338
f 399/2508/276 245/2509/301 221/2510/285
f 397/2511/339 245/2512/301 421/2513/338
f 245/2514/301 244/2515/300 421/2516/338
f 241/2517/298 240/2518/297 371/2519/340
f 270/2520/342 253/2521/343 271/2522/344
f 344/2523/308 271/2524/344 253/2525/343
f 273/2526/347 251/2527/309 252/2528/398
f 273/2529/347 252/2530/398 248/2531/349
f 274/2532/348 247/2533/303 275/2534/350
f 277/2535/353 246/2536/352 422/2537/355
f 250/2538/359 280/2539/357 249/2540/307
f 424/2541/362 282/2542/361 438/2543/314
f 255/2544/364 283/2545/363 400/2546/313
f 439/2547/366 359/2548/312 285/2549/367
f 359/2550/312 423/2551/369 285/2552/367
f 286/2553/368 431/2554/310 270/2555/342
f 288/2556/370 446/2557/332 287/2558/389
f 290/2559/372 361/2560/326 289/2561/371
f 361/2562/326 290/2563/372 262/2564/324
f 292/2565/399 263/2566/325 291/2567/373
f 293/2568/391 263/2569/325 292/2570/399
f 263/2571/325 293/2572/391 440/2573/374
f 440/2574/374 293/2575/391 294/2576/375
f 442/2577/378 441/2578/376 294/2579/375
f 295/2580/379 258/2581/377 442/2582/378
f 296/2583/390 386/2584/321 295/2585/379
f 328/2586/380 259/2587/382 296/2588/390
f 259/2589/382 386/2590/321 296/2591/390
f 261/2592/322 299/2593/384 264/2594/328
f 299/2595/384 443/2596/400 264/2597/328
f 264/2598/328 443/2599/400 444/2600/329
f 300/2601/385 444/2602/329 443/2603/400
f 269/2604/331 301/2605/386 266/2606/330
f 266/2607/330 301/2608/386 302/2609/387
f 267/2610/333 302/2611/387 445/2612/334
f 268/2613/335 287/2614/389 446/2615/332
f 284/2616/365 285/2617/367 283/2618/363
f 272/2619/346 273/2620/347 435/2621/345
f 435/2622/345 273/2623/347 270/2624/342
f 443/2625/400 299/2626/384 328/2627/380
f 300/2628/385 443/2629/400 328/2630/380
f 295/2631/379 442/2632/378 296/2633/390
f 328/2634/380 442/2635/378 302/2636/387
f 288/2637/370 287/2638/389 442/2639/378
f 442/2640/378 294/2641/375 293/2642/391
f 291/2643/373 288/2644/370 293/2645/391
f 292/2646/399 291/2647/373 293/2648/391
